"Invoice Number","Originating Order Number",Store,"Customer ID",Date,"Grand Total",Subtotal,Shipping,"Tax Amount","Discount Amount","PayPal Trans ID",Qty
200030899,200033415,Retail,,"Mar 1, 2015 4:21:15 AM",$68.99,$59.99,$9.00,$0.00,$0.00,5YX67952LJ789381P,4.0000
200030900,200033416,Retail,,"Mar 1, 2015 5:45:12 AM",$56.98,$49.98,$7.00,$0.00,$0.00,0TJ44612XT2340619,4.0000
200030901,200033418,Retail,,"Mar 1, 2015 6:05:21 AM",$48.99,$39.99,$9.00,$0.00,$0.00,0XJ72338MT229850U,2.0000
200030902,200033419,Retail,,"Mar 1, 2015 6:32:23 AM",$48.99,$39.99,$9.00,$0.00,$0.00,14N31948338336203,2.0000
200030903,200033420,Retail,,"Mar 1, 2015 7:33:13 AM",$68.99,$59.99,$9.00,$0.00,$0.00,2E417655WW6215923,4.0000
200030904,200033421,Retail,,"Mar 1, 2015 7:36:17 AM",$53.98,$49.98,$9.00,$0.00,$5.00,7TF42372SR676811G,4.0000
200030905,200033422,Retail,,"Mar 1, 2015 8:39:17 AM",$46.99,$39.99,$7.00,$0.00,$0.00,00H85126K3760212D,3.0000
200030906,200033423,Retail,,"Mar 1, 2015 8:44:09 AM",$46.99,$39.99,$7.00,$0.00,$0.00,51D281674R9404930,2.0000
200030907,200033424,Retail,,"Mar 1, 2015 9:06:23 AM",$98.97,$68.97,$30.00,$0.00,$0.00,6F694742E74932422,5.0000
200030908,200033425,Retail,,"Mar 1, 2015 10:11:56 AM",$42.99,$39.99,$7.00,$0.00,$4.00,1LD36479DS1774355,2.0000
200030909,200033426,Retail,,"Mar 1, 2015 10:45:04 AM",$58.98,$49.98,$9.00,$0.00,$0.00,2F8133087X749302W,4.0000
200030910,200033427,Retail,,"Mar 1, 2015 11:49:47 AM",$46.99,$39.99,$7.00,$0.00,$0.00,08C539346Y272782L,2.0000
200030911,200033428,Retail,,"Mar 1, 2015 12:30:23 PM",$46.99,$39.99,$7.00,$0.00,$0.00,7RX618809S310632M,2.0000
200030912,200033429,Retail,,"Mar 1, 2015 12:45:48 PM",$101.98,$79.98,$30.00,$0.00,$8.00,1SM84423U5414403P,4.0000
200030913,200033430,Retail,,"Mar 1, 2015 2:04:15 PM",$50.19,$39.99,$7.00,$3.20,$0.00,9ED97394YJ487302S,2.0000
200030914,200033431,Retail,,"Mar 1, 2015 2:24:38 PM",$46.99,$39.99,$7.00,$0.00,$0.00,96506727BP599733E,2.0000
200030915,200033432,Retail,,"Mar 1, 2015 3:42:46 PM",$46.99,$39.99,$7.00,$0.00,$0.00,1FF34297WB605123K,2.0000
200030916,200033433,Retail,,"Mar 1, 2015 4:39:25 PM",$46.99,$39.99,$7.00,$0.00,$0.00,31W32448VD953162R,2.0000
200030917,200033434,Retail,,"Mar 1, 2015 4:51:33 PM",$46.99,$39.99,$7.00,$0.00,$0.00,09F422260N0465935,2.0000
200030918,200033436,Retail,,"Mar 1, 2015 5:25:51 PM",$56.98,$49.98,$7.00,$0.00,$0.00,33G81143E8168073G,5.0000
200030919,200033437,Retail,,"Mar 1, 2015 5:30:00 PM",$56.98,$49.98,$7.00,$0.00,$0.00,4WR886010L646102N,4.0000
200030920,200033438,Retail,,"Mar 1, 2015 5:31:25 PM",$48.99,$39.99,$9.00,$0.00,$0.00,66H4938933148100K,3.0000
200030921,200033439,Retail,,"Mar 1, 2015 5:38:29 PM",$46.99,$39.99,$7.00,$0.00,$0.00,4YY01675WA492082C,2.0000
200030922,200033440,Retail,,"Mar 1, 2015 6:44:58 PM",$48.99,$39.99,$9.00,$0.00,$0.00,652941241N081803F,2.0000
200030923,200033441,Retail,,"Mar 1, 2015 6:58:32 PM",$46.99,$39.99,$7.00,$0.00,$0.00,70295414WA523203Y,2.0000
200030924,200033442,Retail,,"Mar 1, 2015 7:37:42 PM",$42.99,$39.99,$7.00,$0.00,$4.00,2J101693E5805092L,2.0000
200030925,200033443,Retail,4861,"Mar 1, 2015 8:27:02 PM",$89.98,$49.98,$40.00,$0.00,$0.00,5FR47749CD7732701,4.0000
200030926,200033444,Retail,,"Mar 1, 2015 8:43:08 PM",$48.99,$39.99,$9.00,$0.00,$0.00,5S018630XV275311M,3.0000
200030927,200033446,Retail,,"Mar 2, 2015 3:11:35 AM",$46.99,$39.99,$7.00,$0.00,$0.00,56W16617443048811,1.0000
200030928,200033447,Retail,,"Mar 2, 2015 3:16:45 AM",$93.98,$59.97,$40.00,$0.00,$5.99,0GR37686F7339802M,6.0000
200030929,200033448,Retail,4862,"Mar 2, 2015 6:34:36 AM",$42.99,$39.99,$7.00,$0.00,$4.00,4PJ7918537578363K,2.0000
200030930,200033449,Retail,,"Mar 2, 2015 7:29:17 AM",$58.98,$49.98,$9.00,$0.00,$0.00,06393231TB272783D,5.0000
200030931,200033450,Retail,,"Mar 2, 2015 8:06:56 AM",$46.99,$39.99,$7.00,$0.00,$0.00,9BS48787PM656631B,2.0000
200030932,200033451,Retail,,"Mar 2, 2015 9:52:46 AM",$46.99,$39.99,$7.00,$0.00,$0.00,900989260G8429726,2.0000
200030933,200033452,Retail,,"Mar 2, 2015 10:13:27 AM",$46.99,$39.99,$7.00,$0.00,$0.00,23034669TJ269404G,2.0000
200030934,200033453,Retail,,"Mar 2, 2015 11:57:52 AM",$68.99,$59.99,$9.00,$0.00,$0.00,7RD36872C3677133J,5.0000
200030935,200033454,Retail,,"Mar 2, 2015 12:41:00 PM",$46.99,$39.99,$7.00,$0.00,$0.00,4TV427914U026373E,2.0000
200030936,200033455,Retail,,"Mar 2, 2015 12:52:17 PM",$48.99,$39.99,$9.00,$0.00,$0.00,6CE66100SS3077412,2.0000
200030937,200033456,Retail,,"Mar 2, 2015 12:58:40 PM",$62.98,$49.98,$9.00,$4.00,$0.00,2SG84768RE7898508,3.0000
200030938,200033457,Retail,,"Mar 2, 2015 1:49:06 PM",$66.97,$59.97,$7.00,$0.00,$0.00,62168799CX357991S,4.0000
200030939,200033458,Retail,,"Mar 2, 2015 2:24:52 PM",$48.99,$39.99,$9.00,$0.00,$0.00,0P085001XJ1258003,1.0000
250006697,250007034,Wholesale,1619,"Mar 2, 2015 2:26:39 PM",$178.20,$160.00,$18.20,$0.00,$0.00,4G445752YD099262M,10.0000
200030940,200033459,Retail,4863,"Mar 2, 2015 3:28:33 PM",$48.99,$39.99,$9.00,$0.00,$0.00,5XY0589634209783V,2.0000
200030941,200033460,Retail,,"Mar 2, 2015 4:48:13 PM",$46.99,$39.99,$7.00,$0.00,$0.00,5N570141FR269990K,2.0000
200030942,200033461,Retail,,"Mar 2, 2015 5:08:33 PM",$86.98,$79.98,$7.00,$0.00,$0.00,60T69969KA6932036,4.0000
200030943,200033462,Retail,4864,"Mar 2, 2015 5:09:30 PM",$74.99,$39.99,$35.00,$0.00,$0.00,6B5072566W591774L,3.0000
200030944,200033463,Retail,,"Mar 2, 2015 6:02:49 PM",$45.87,$39.99,$7.00,$2.88,$4.00,4UG96866NA6531518,2.0000
200030945,200033464,Retail,,"Mar 2, 2015 6:12:13 PM",$44.99,$39.99,$9.00,$0.00,$4.00,3E140945MB8081830,3.0000
200030946,200033465,Retail,,"Mar 2, 2015 8:37:51 PM",$71.79,$59.99,$7.00,$4.80,$0.00,5TL699703F638171G,5.0000
200030947,200033467,Retail,,"Mar 2, 2015 10:50:41 PM",$74.99,$39.99,$35.00,$0.00,$0.00,8JW863055G556935P,2.0000
200030948,200033468,Retail,,"Mar 3, 2015 7:24:52 AM",$48.99,$39.99,$9.00,$0.00,$0.00,2F753528WN269750K,2.0000
200030949,200033469,Retail,,"Mar 3, 2015 7:30:19 AM",$46.99,$39.99,$7.00,$0.00,$0.00,6JA624233F817772L,2.0000
200030950,200033471,Retail,,"Mar 3, 2015 7:51:36 AM",$50.19,$39.99,$7.00,$3.20,$0.00,9K876256CD590035U,2.0000
200030951,200033472,Retail,,"Mar 3, 2015 8:23:21 AM",$46.99,$39.99,$7.00,$0.00,$0.00,3PY570374E391352B,2.0000
200030952,200033473,Retail,,"Mar 3, 2015 9:44:24 AM",$134.96,$99.96,$35.00,$0.00,$0.00,9CX41361R8432490U,8.0000
200030953,200033474,Retail,,"Mar 3, 2015 10:03:32 AM",$46.99,$39.99,$7.00,$0.00,$0.00,3CW132440R135124M,1.0000
250006698,250007061,Wholesale,3736,"Mar 3, 2015 10:11:30 AM",$89.10,$80.00,$9.10,$0.00,$0.00,3K262308TF394373L,5.0000
300000214,300000262,International,3388,"Mar 3, 2015 11:27:00 AM",$148.00,$88.00,$60.00,$0.00,$0.00,,9.0000
200030954,200033475,Retail,,"Mar 3, 2015 11:41:18 AM",$46.99,$39.99,$7.00,$0.00,$0.00,5RG548479X930460T,3.0000
200030955,200033476,Retail,,"Mar 3, 2015 12:21:19 PM",$46.99,$39.99,$7.00,$0.00,$0.00,4HF17840829463307,1.0000
200030956,200033477,Retail,,"Mar 3, 2015 12:50:06 PM",$48.99,$39.99,$9.00,$0.00,$0.00,6XD4239757463080D,3.0000
200030957,200033479,Retail,,"Mar 3, 2015 1:10:10 PM",$46.99,$39.99,$7.00,$0.00,$0.00,5D90488865147713H,2.0000
250006699,250007029,Wholesale,3994,"Mar 3, 2015 1:35:56 PM",$800.00,$800.00,$0.00,$0.00,$0.00,,40.0000
250006700,250007030,Wholesale,3994,"Mar 3, 2015 1:35:57 PM",$480.00,$480.00,$0.00,$0.00,$0.00,,24.0000
250006701,250007031,Wholesale,3994,"Mar 3, 2015 1:35:58 PM",$80.00,$80.00,$0.00,$0.00,$0.00,,4.0000
250006702,250007032,Wholesale,3994,"Mar 3, 2015 1:35:59 PM",$320.00,$320.00,$0.00,$0.00,$0.00,,16.0000
250006703,250007026,Wholesale,3994,"Mar 3, 2015 1:36:00 PM",$800.00,$800.00,$0.00,$0.00,$0.00,,40.0000
250006704,250007027,Wholesale,3994,"Mar 3, 2015 1:36:00 PM",$640.00,$640.00,$0.00,$0.00,$0.00,,32.0000
250006705,250007028,Wholesale,3994,"Mar 3, 2015 1:36:01 PM","$1,520.00","$1,520.00",$0.00,$0.00,$0.00,,76.0000
250006706,250007023,Wholesale,3994,"Mar 3, 2015 1:36:08 PM",$640.00,$640.00,$0.00,$0.00,$0.00,,32.0000
250006707,250007024,Wholesale,3994,"Mar 3, 2015 1:36:10 PM",$960.00,$960.00,$0.00,$0.00,$0.00,,48.0000
250006708,250007025,Wholesale,3994,"Mar 3, 2015 1:36:11 PM",$240.00,$240.00,$0.00,$0.00,$0.00,,12.0000
250006709,250007020,Wholesale,3994,"Mar 3, 2015 1:36:12 PM",$240.00,$240.00,$0.00,$0.00,$0.00,,12.0000
250006710,250007021,Wholesale,3994,"Mar 3, 2015 1:36:12 PM",$560.00,$560.00,$0.00,$0.00,$0.00,,28.0000
250006711,250007022,Wholesale,3994,"Mar 3, 2015 1:36:13 PM",$560.00,$560.00,$0.00,$0.00,$0.00,,28.0000
250006712,250007016,Wholesale,3994,"Mar 3, 2015 1:36:14 PM",$560.00,$560.00,$0.00,$0.00,$0.00,,28.0000
250006713,250007017,Wholesale,3994,"Mar 3, 2015 1:36:15 PM",$560.00,$560.00,$0.00,$0.00,$0.00,,28.0000
250006714,250007018,Wholesale,3994,"Mar 3, 2015 1:36:16 PM",$480.00,$480.00,$0.00,$0.00,$0.00,,24.0000
250006715,250007019,Wholesale,3994,"Mar 3, 2015 1:36:16 PM",$960.00,$960.00,$0.00,$0.00,$0.00,,48.0000
250006716,250007012,Wholesale,3994,"Mar 3, 2015 1:36:17 PM",$400.00,$400.00,$0.00,$0.00,$0.00,,20.0000
250006717,250007013,Wholesale,3994,"Mar 3, 2015 1:36:18 PM",$480.00,$480.00,$0.00,$0.00,$0.00,,24.0000
250006718,250007014,Wholesale,3994,"Mar 3, 2015 1:36:19 PM",$400.00,$400.00,$0.00,$0.00,$0.00,,20.0000
250006719,250007015,Wholesale,3994,"Mar 3, 2015 1:36:20 PM",$400.00,$400.00,$0.00,$0.00,$0.00,,20.0000
250006720,250007010,Wholesale,3994,"Mar 3, 2015 1:36:20 PM",$80.00,$80.00,$0.00,$0.00,$0.00,,4.0000
250006721,250007011,Wholesale,3994,"Mar 3, 2015 1:36:21 PM",$480.00,$480.00,$0.00,$0.00,$0.00,,24.0000
200030958,200033480,Retail,,"Mar 3, 2015 1:42:25 PM",$66.99,$59.99,$7.00,$0.00,$0.00,1TP96553KX4105152,4.0000
250006722,250007064,Wholesale,4865,"Mar 3, 2015 2:02:08 PM",$0.00,$0.00,$0.00,$0.00,$0.00,,4.0000
200030959,200033482,Retail,,"Mar 3, 2015 3:03:31 PM",$66.97,$59.97,$7.00,$0.00,$0.00,06Y22345UJ162413S,4.0000
200030960,200033483,Retail,,"Mar 3, 2015 3:08:06 PM",$46.99,$39.99,$7.00,$0.00,$0.00,2UY97452KG173013D,1.0000
200030961,200033484,Retail,,"Mar 3, 2015 3:19:59 PM",$74.99,$39.99,$35.00,$0.00,$0.00,3FM712603E195384K,2.0000
200030962,200033485,Retail,,"Mar 3, 2015 4:31:44 PM",$42.99,$39.99,$7.00,$0.00,$4.00,95K9488917509652F,2.0000
200030963,200033486,Retail,,"Mar 3, 2015 4:55:26 PM",$46.99,$39.99,$7.00,$0.00,$0.00,4KE82540SG026811E,2.0000
200030964,200033487,Retail,,"Mar 3, 2015 6:05:06 PM",$66.99,$59.99,$7.00,$0.00,$0.00,2HG636098P033345E,4.0000
200030965,200033488,Retail,,"Mar 3, 2015 6:05:10 PM",$48.99,$39.99,$9.00,$0.00,$0.00,4Y252571F8400983F,3.0000
200030966,200033489,Retail,,"Mar 3, 2015 6:30:04 PM",$46.99,$39.99,$7.00,$0.00,$0.00,2VV60300JT4834059,2.0000
200030967,200033491,Retail,,"Mar 3, 2015 7:51:10 PM",$48.99,$39.99,$9.00,$0.00,$0.00,8C586097311008925,3.0000
200030968,200033492,Retail,,"Mar 3, 2015 10:13:43 PM",$52.19,$39.99,$9.00,$3.20,$0.00,3T004580NG775881U,2.0000
200030969,200033493,Retail,,"Mar 4, 2015 7:27:48 AM",$86.98,$79.98,$7.00,$0.00,$0.00,6NP06150455950227,4.0000
200030970,200033494,Retail,,"Mar 4, 2015 9:04:25 AM",$56.98,$49.98,$7.00,$0.00,$0.00,1MJ89464G54592053,5.0000
200030971,200033496,Retail,,"Mar 4, 2015 11:27:59 AM",$48.99,$39.99,$9.00,$0.00,$0.00,879646989M938321A,2.0000
200030972,200033497,Retail,,"Mar 4, 2015 12:16:39 PM",$46.99,$39.99,$7.00,$0.00,$0.00,6NS833280V911651S,2.0000
200030973,200033498,Retail,,"Mar 4, 2015 1:15:00 PM",$56.98,$49.98,$7.00,$0.00,$0.00,59X93970HT8359608,4.0000
200030974,200033499,Retail,1229,"Mar 4, 2015 1:40:18 PM",$0.00,$0.00,$0.00,$0.00,$0.00,,40.0000
200030975,200033500,Retail,1229,"Mar 4, 2015 1:41:16 PM",$0.00,$0.00,$0.00,$0.00,$0.00,,288.0000
200030976,200033501,Retail,,"Mar 4, 2015 2:32:03 PM",$46.99,$39.99,$7.00,$0.00,$0.00,4WE71949RG392953J,1.0000
200030977,200033502,Retail,,"Mar 4, 2015 3:14:34 PM",$71.77,$59.97,$7.00,$4.80,$0.00,4G812275TA266312G,6.0000
200030978,200033503,Retail,,"Mar 4, 2015 4:27:38 PM",$46.99,$39.99,$7.00,$0.00,$0.00,3U614972V05754409,2.0000
200030979,200033504,Retail,,"Mar 4, 2015 6:54:29 PM",$46.99,$39.99,$7.00,$0.00,$0.00,2NW995402F495844A,2.0000
200030980,200033505,Retail,,"Mar 4, 2015 7:11:17 PM",$46.99,$39.99,$7.00,$0.00,$0.00,8JT05040S87144408,2.0000
200030981,200033506,Retail,,"Mar 4, 2015 7:44:20 PM",$48.99,$39.99,$9.00,$0.00,$0.00,1PK70700AK971524G,2.0000
200030982,200033507,Retail,,"Mar 4, 2015 7:52:46 PM",$47.99,$39.99,$8.00,$0.00,$0.00,6UL94649FT353510R,2.0000
200030983,200033508,Retail,4869,"Mar 4, 2015 10:57:31 PM",$56.98,$49.98,$7.00,$0.00,$0.00,9ND04944XC386631A,4.0000
200030984,200033509,Retail,,"Mar 5, 2015 12:08:40 AM",$42.99,$39.99,$7.00,$0.00,$4.00,6XT10937KT104094G,2.0000
200030985,200033510,Retail,,"Mar 5, 2015 5:24:58 AM",$46.99,$39.99,$7.00,$0.00,$0.00,0XD27047PC993470A,2.0000
200030986,200033511,Retail,,"Mar 5, 2015 10:41:40 AM",$51.98,$49.98,$7.00,$0.00,$5.00,4HF77839SN1665207,4.0000
200030987,200033512,Retail,,"Mar 5, 2015 11:13:25 AM",$46.99,$39.99,$7.00,$0.00,$0.00,71R01644JP879644C,2.0000
200030988,200033513,Retail,,"Mar 5, 2015 12:13:05 PM",$48.99,$39.99,$9.00,$0.00,$0.00,1SJ649955R644864F,2.0000
250006723,250007074,Wholesale,1587,"Mar 5, 2015 1:22:26 PM",$445.50,$400.00,$45.50,$0.00,$0.00,75H25203GA574840P,25.0000
200030989,200033514,Retail,4870,"Mar 5, 2015 1:25:16 PM",$68.99,$59.99,$9.00,$0.00,$0.00,5CK35059D8537133F,4.0000
200030990,200033515,Retail,,"Mar 5, 2015 2:13:01 PM",$84.99,$59.99,$25.00,$0.00,$0.00,5FX01535KN610574G,4.0000
200030991,200033516,Retail,,"Mar 5, 2015 3:01:49 PM",$48.99,$39.99,$9.00,$0.00,$0.00,9L91087066710063A,2.0000
200030992,200033517,Retail,4871,"Mar 5, 2015 3:12:57 PM",$69.98,$49.98,$20.00,$0.00,$0.00,23E6498016205411H,5.0000
200030993,200033518,Retail,,"Mar 5, 2015 3:34:29 PM",$71.79,$59.99,$7.00,$4.80,$0.00,9XA92885AW459193T,4.0000
200030994,200033519,Retail,,"Mar 5, 2015 5:24:02 PM",$44.99,$39.99,$9.00,$0.00,$4.00,3YP28735AU7133926,2.0000
200030995,200033520,Retail,,"Mar 5, 2015 5:51:19 PM",$68.99,$59.99,$9.00,$0.00,$0.00,1PU60816YK224900B,4.0000
200030996,200033521,Retail,,"Mar 5, 2015 7:18:53 PM",$52.19,$39.99,$9.00,$3.20,$0.00,63L13279LW380414H,3.0000
200030997,200033522,Retail,,"Mar 5, 2015 7:27:38 PM",$48.99,$39.99,$9.00,$0.00,$0.00,2UH61398CX390170E,3.0000
200030998,200033523,Retail,,"Mar 5, 2015 8:04:37 PM",$46.99,$39.99,$7.00,$0.00,$0.00,8DT41673590265412,3.0000
250006724,250007073,Wholesale,1115,"Mar 6, 2015 8:45:07 AM",$560.00,$560.00,$0.00,$0.00,$0.00,,28.0000
250006725,250007070,Wholesale,1115,"Mar 6, 2015 8:45:08 AM",$560.00,$560.00,$0.00,$0.00,$0.00,,28.0000
250006726,250007069,Wholesale,1115,"Mar 6, 2015 8:45:09 AM",$80.00,$80.00,$0.00,$0.00,$0.00,,4.0000
250006727,250007068,Wholesale,1115,"Mar 6, 2015 8:45:10 AM",$80.00,$80.00,$0.00,$0.00,$0.00,,4.0000
250006728,250007066,Wholesale,1115,"Mar 6, 2015 8:45:11 AM",$480.00,$480.00,$0.00,$0.00,$0.00,,24.0000
250006729,250007067,Wholesale,1115,"Mar 6, 2015 8:45:11 AM",$80.00,$80.00,$0.00,$0.00,$0.00,,4.0000
250006730,250007063,Wholesale,3994,"Mar 6, 2015 8:45:12 AM","$3,520.00","$3,520.00",$0.00,$0.00,$0.00,,176.0000
250006731,250007062,Wholesale,3994,"Mar 6, 2015 8:45:13 AM","$1,040.00","$1,040.00",$0.00,$0.00,$0.00,,52.0000
200030999,200033524,Retail,,"Mar 6, 2015 8:49:39 AM",$74.99,$39.99,$35.00,$0.00,$0.00,2WB25812C8705111F,2.0000
250006732,250007075,Wholesale,4081,"Mar 6, 2015 9:25:32 AM",$178.20,$160.00,$18.20,$0.00,$0.00,0PX61246AH419470E,10.0000
200031000,200033525,Retail,4872,"Mar 6, 2015 9:48:08 AM",$46.99,$39.99,$7.00,$0.00,$0.00,00M13536MG916132P,2.0000
200031001,200033526,Retail,,"Mar 6, 2015 10:01:46 AM",$46.99,$39.99,$7.00,$0.00,$0.00,2YW497013Y361020C,2.0000
200031002,200033527,Retail,,"Mar 6, 2015 10:10:13 AM",$42.99,$39.99,$7.00,$0.00,$4.00,9VL81360BY255903F,3.0000
200031003,200033528,Retail,4873,"Mar 6, 2015 10:16:19 AM",$96.97,$99.96,$7.00,$0.00,$9.99,9E93527862460201J,8.0000
200031004,200033529,Retail,,"Mar 6, 2015 10:27:31 AM",$46.99,$39.99,$7.00,$0.00,$0.00,56H03358F5730513X,2.0000
200031005,200033530,Retail,,"Mar 6, 2015 10:52:46 AM",$50.19,$39.99,$7.00,$3.20,$0.00,4AP81637JT416993L,2.0000
200031006,200033531,Retail,,"Mar 6, 2015 11:11:22 AM",$46.99,$39.99,$7.00,$0.00,$0.00,8UA71903LG611993W,3.0000
200031007,200033532,Retail,,"Mar 6, 2015 11:35:58 AM",$66.99,$59.99,$7.00,$0.00,$0.00,8NF284213X728961W,4.0000
200031008,200033533,Retail,,"Mar 6, 2015 12:08:53 PM",$46.99,$39.99,$7.00,$0.00,$0.00,22T47084E3644294P,2.0000
200031009,200033534,Retail,,"Mar 6, 2015 1:46:23 PM",$48.99,$39.99,$9.00,$0.00,$0.00,22J873851G8794058,2.0000
250006733,250007092,Wholesale,2104,"Mar 6, 2015 1:51:43 PM",$723.20,$640.00,$83.20,$0.00,$0.00,,32.0000
200031010,200033535,Retail,,"Mar 6, 2015 5:13:48 PM",$66.99,$59.99,$7.00,$0.00,$0.00,8RK79992WD768180F,4.0000
200031011,200033536,Retail,,"Mar 6, 2015 6:19:08 PM",$48.99,$39.99,$9.00,$0.00,$0.00,8BF525056X984025F,2.0000
200031012,200033537,Retail,,"Mar 6, 2015 8:39:11 PM",$46.99,$39.99,$7.00,$0.00,$0.00,0VC894401B1171338,2.0000
200031013,200033538,Retail,,"Mar 6, 2015 9:26:59 PM",$48.99,$39.99,$9.00,$0.00,$0.00,64663945GF609383T,3.0000
200031014,200033539,Retail,,"Mar 6, 2015 9:46:55 PM",$55.99,$39.99,$20.00,$0.00,$4.00,0D108606JN618544S,2.0000
200031015,200033540,Retail,,"Mar 6, 2015 11:29:00 PM",$48.99,$39.99,$9.00,$0.00,$0.00,6WT39012CL821381G,2.0000
200031016,200033541,Retail,,"Mar 7, 2015 8:34:57 AM",$46.99,$39.99,$7.00,$0.00,$0.00,9A062807KY075701R,3.0000
200031017,200033542,Retail,,"Mar 7, 2015 8:43:36 AM",$46.99,$39.99,$7.00,$0.00,$0.00,95P66053HK867422Y,2.0000
200031018,200033543,Retail,,"Mar 7, 2015 8:50:34 AM",$48.99,$39.99,$9.00,$0.00,$0.00,36U787425R104122W,2.0000
200031019,200033544,Retail,,"Mar 7, 2015 9:12:11 AM",$126.98,$119.98,$7.00,$0.00,$0.00,6W582162G5928350Y,8.0000
200031020,200033545,Retail,4875,"Mar 7, 2015 10:52:53 AM",$50.19,$39.99,$7.00,$3.20,$0.00,0FH26506573066435,3.0000
200031021,200033546,Retail,,"Mar 7, 2015 2:15:45 PM",$48.99,$39.99,$9.00,$0.00,$0.00,374163745D662251C,2.0000
200031022,200033547,Retail,,"Mar 7, 2015 2:40:20 PM",$46.99,$39.99,$7.00,$0.00,$0.00,6BE35458TM707163N,2.0000
200031023,200033549,Retail,,"Mar 7, 2015 5:39:18 PM",$45.87,$39.99,$7.00,$2.88,$4.00,9FE14837BD823584M,2.0000
200031024,200033550,Retail,,"Mar 8, 2015 1:01:34 AM",$74.99,$39.99,$35.00,$0.00,$0.00,5BD85510P7181630K,2.0000
200031025,200033551,Retail,,"Mar 8, 2015 6:13:33 AM",$56.98,$49.98,$7.00,$0.00,$0.00,9FH369728T698970U,4.0000
200031026,200033552,Retail,,"Mar 8, 2015 7:50:28 AM",$48.99,$39.99,$9.00,$0.00,$0.00,6CC39613X09179415,2.0000
200031027,200033553,Retail,,"Mar 8, 2015 7:53:54 AM",$56.98,$49.98,$7.00,$0.00,$0.00,3JW84180DV639911A,5.0000
200031028,200033554,Retail,,"Mar 8, 2015 7:55:08 AM",$58.98,$49.98,$9.00,$0.00,$0.00,62820550DL274101D,4.0000
200031029,200033556,Retail,,"Mar 8, 2015 11:09:03 AM",$46.99,$39.99,$7.00,$0.00,$0.00,47V49659CC154715N,3.0000
200031030,200033557,Retail,,"Mar 8, 2015 12:27:25 PM",$68.99,$59.99,$9.00,$0.00,$0.00,10E92397C8674350S,4.0000
200031031,200033558,Retail,,"Mar 8, 2015 12:45:19 PM",$46.99,$39.99,$7.00,$0.00,$0.00,4YH11718M92008148,2.0000
200031032,200033559,Retail,,"Mar 8, 2015 1:03:52 PM",$46.99,$39.99,$7.00,$0.00,$0.00,7CU330237S515512G,2.0000
200031033,200033560,Retail,,"Mar 8, 2015 1:50:30 PM",$46.99,$39.99,$7.00,$0.00,$0.00,16U966707H154124W,3.0000
200031034,200033561,Retail,,"Mar 8, 2015 3:00:33 PM",$46.99,$39.99,$7.00,$0.00,$0.00,4KL29593CA005422D,2.0000
200031035,200033562,Retail,,"Mar 8, 2015 3:16:35 PM",$48.99,$39.99,$9.00,$0.00,$0.00,06203794WK106520L,2.0000
200031036,200033564,Retail,,"Mar 8, 2015 3:38:04 PM",$46.99,$39.99,$7.00,$0.00,$0.00,6US74135BD964674G,2.0000
200031037,200033565,Retail,,"Mar 8, 2015 3:44:46 PM",$48.99,$39.99,$9.00,$0.00,$0.00,63N27492E5440133C,3.0000
200031038,200033567,Retail,,"Mar 8, 2015 6:31:31 PM",$86.98,$79.98,$7.00,$0.00,$0.00,1U702404A2169145C,4.0000
200031039,200033568,Retail,,"Mar 8, 2015 6:44:09 PM",$46.99,$39.99,$7.00,$0.00,$0.00,44290741PS052300G,2.0000
200031040,200033570,Retail,,"Mar 8, 2015 6:45:08 PM",$50.19,$39.99,$7.00,$3.20,$0.00,6PA34621BN134270V,2.0000
200031041,200033571,Retail,,"Mar 8, 2015 7:02:34 PM",$42.99,$39.99,$7.00,$0.00,$4.00,5YG10917JH9489723,2.0000
200031042,200033572,Retail,,"Mar 8, 2015 7:08:03 PM",$46.99,$39.99,$7.00,$0.00,$0.00,0CK93508K84895234,2.0000
200031043,200033573,Retail,,"Mar 8, 2015 7:20:48 PM",$68.99,$59.99,$9.00,$0.00,$0.00,2VU622999C1437009,5.0000
200031044,200033574,Retail,,"Mar 8, 2015 8:32:32 PM",$48.99,$39.99,$9.00,$0.00,$0.00,4RM98788Y1151973V,2.0000
200031045,200033575,Retail,,"Mar 8, 2015 9:07:32 PM",$57.99,$39.99,$18.00,$0.00,$0.00,29P783533T101982L,2.0000
200031046,200033576,Retail,,"Mar 9, 2015 5:04:24 AM",$46.99,$39.99,$7.00,$0.00,$0.00,62N499784E1091843,2.0000
200031047,200033577,Retail,,"Mar 9, 2015 7:19:29 AM",$58.98,$49.98,$9.00,$0.00,$0.00,0M485187D8635811B,4.0000
200031048,200033578,Retail,,"Mar 9, 2015 8:15:08 AM",$51.98,$49.98,$7.00,$0.00,$5.00,7XS04687VX082605N,3.0000
250006734,250007091,Wholesale,1115,"Mar 9, 2015 8:18:28 AM",$160.00,$160.00,$0.00,$0.00,$0.00,,8.0000
250006735,250007088,Wholesale,1115,"Mar 9, 2015 8:18:29 AM",$54.00,$54.00,$0.00,$0.00,$0.00,,12.0000
250006736,250007089,Wholesale,1115,"Mar 9, 2015 8:18:29 AM",$80.00,$80.00,$0.00,$0.00,$0.00,,4.0000
250006737,250007090,Wholesale,1115,"Mar 9, 2015 8:18:31 AM",$322.00,$322.00,$0.00,$0.00,$0.00,,44.0000
250006738,250007086,Wholesale,1115,"Mar 9, 2015 8:18:32 AM",$160.00,$160.00,$0.00,$0.00,$0.00,,8.0000
250006739,250007087,Wholesale,1115,"Mar 9, 2015 8:18:32 AM",$80.00,$80.00,$0.00,$0.00,$0.00,,4.0000
250006740,250007084,Wholesale,1115,"Mar 9, 2015 8:18:33 AM",$80.00,$80.00,$0.00,$0.00,$0.00,,4.0000
250006741,250007085,Wholesale,1115,"Mar 9, 2015 8:18:34 AM",$80.00,$80.00,$0.00,$0.00,$0.00,,4.0000
250006742,250007082,Wholesale,1115,"Mar 9, 2015 8:18:34 AM",$268.00,$268.00,$0.00,$0.00,$0.00,,32.0000
250006743,250007083,Wholesale,1115,"Mar 9, 2015 8:18:35 AM",$560.00,$560.00,$0.00,$0.00,$0.00,,28.0000
250006744,250007080,Wholesale,1115,"Mar 9, 2015 8:18:36 AM",$320.00,$320.00,$0.00,$0.00,$0.00,,16.0000
250006745,250007079,Wholesale,1115,"Mar 9, 2015 8:18:37 AM",$320.00,$320.00,$0.00,$0.00,$0.00,,16.0000
250006746,250007078,Wholesale,1115,"Mar 9, 2015 8:18:37 AM",$160.00,$160.00,$0.00,$0.00,$0.00,,8.0000
250006747,250007077,Wholesale,1115,"Mar 9, 2015 8:18:38 AM",$160.00,$160.00,$0.00,$0.00,$0.00,,8.0000
250006748,250007076,Wholesale,1115,"Mar 9, 2015 8:18:39 AM",$454.00,$454.00,$0.00,$0.00,$0.00,,32.0000
250006749,250007059,Wholesale,3994,"Mar 9, 2015 8:18:40 AM",$240.00,$240.00,$0.00,$0.00,$0.00,,12.0000
250006750,250007060,Wholesale,3994,"Mar 9, 2015 8:18:40 AM",$560.00,$560.00,$0.00,$0.00,$0.00,,28.0000
250006751,250007058,Wholesale,3994,"Mar 9, 2015 8:18:41 AM",$320.00,$320.00,$0.00,$0.00,$0.00,,16.0000
250006752,250007054,Wholesale,3994,"Mar 9, 2015 8:18:42 AM",$240.00,$240.00,$0.00,$0.00,$0.00,,12.0000
250006753,250007055,Wholesale,3994,"Mar 9, 2015 8:18:43 AM",$640.00,$640.00,$0.00,$0.00,$0.00,,32.0000
250006754,250007056,Wholesale,3994,"Mar 9, 2015 8:18:43 AM",$480.00,$480.00,$0.00,$0.00,$0.00,,24.0000
250006755,250007057,Wholesale,3994,"Mar 9, 2015 8:18:44 AM",$560.00,$560.00,$0.00,$0.00,$0.00,,28.0000
250006756,250007050,Wholesale,3994,"Mar 9, 2015 8:18:45 AM",$80.00,$80.00,$0.00,$0.00,$0.00,,4.0000
250006757,250007051,Wholesale,3994,"Mar 9, 2015 8:18:46 AM",$80.00,$80.00,$0.00,$0.00,$0.00,,4.0000
250006758,250007052,Wholesale,3994,"Mar 9, 2015 8:18:46 AM",$560.00,$560.00,$0.00,$0.00,$0.00,,28.0000
250006759,250007053,Wholesale,3994,"Mar 9, 2015 8:18:47 AM",$160.00,$160.00,$0.00,$0.00,$0.00,,8.0000
250006760,250007047,Wholesale,3994,"Mar 9, 2015 8:18:48 AM",$480.00,$480.00,$0.00,$0.00,$0.00,,24.0000
250006761,250007048,Wholesale,3994,"Mar 9, 2015 8:18:48 AM",$960.00,$960.00,$0.00,$0.00,$0.00,,48.0000
250006762,250007049,Wholesale,3994,"Mar 9, 2015 8:18:49 AM",$480.00,$480.00,$0.00,$0.00,$0.00,,24.0000
250006763,250007044,Wholesale,3994,"Mar 9, 2015 8:18:50 AM",$960.00,$960.00,$0.00,$0.00,$0.00,,48.0000
250006764,250007045,Wholesale,3994,"Mar 9, 2015 8:18:51 AM",$800.00,$800.00,$0.00,$0.00,$0.00,,40.0000
250006765,250007046,Wholesale,3994,"Mar 9, 2015 8:18:51 AM",$720.00,$720.00,$0.00,$0.00,$0.00,,36.0000
250006766,250007040,Wholesale,3994,"Mar 9, 2015 8:18:52 AM",$400.00,$400.00,$0.00,$0.00,$0.00,,20.0000
250006767,250007041,Wholesale,3994,"Mar 9, 2015 8:18:53 AM",$240.00,$240.00,$0.00,$0.00,$0.00,,12.0000
250006768,250007042,Wholesale,3994,"Mar 9, 2015 8:18:53 AM",$160.00,$160.00,$0.00,$0.00,$0.00,,8.0000
250006769,250007043,Wholesale,3994,"Mar 9, 2015 8:18:54 AM",$480.00,$480.00,$0.00,$0.00,$0.00,,24.0000
250006770,250007037,Wholesale,3994,"Mar 9, 2015 8:18:55 AM",$80.00,$80.00,$0.00,$0.00,$0.00,,4.0000
250006771,250007038,Wholesale,3994,"Mar 9, 2015 8:18:56 AM",$400.00,$400.00,$0.00,$0.00,$0.00,,20.0000
250006772,250007039,Wholesale,3994,"Mar 9, 2015 8:18:56 AM",$320.00,$320.00,$0.00,$0.00,$0.00,,16.0000
250006773,250006892,Wholesale,850,"Mar 9, 2015 8:18:57 AM","$2,400.00","$2,400.00",$0.00,$0.00,$0.00,,120.0000
250006774,250007106,Wholesale,3185,"Mar 9, 2015 9:47:46 AM",$178.20,$160.00,$18.20,$0.00,$0.00,7AU30604082019728,10.0000
200031049,200033579,Retail,,"Mar 9, 2015 10:03:09 AM",$42.99,$39.99,$7.00,$0.00,$4.00,74K237876P860715D,3.0000
200031050,200033580,Retail,,"Mar 9, 2015 10:49:49 AM",$96.97,$89.97,$7.00,$0.00,$0.00,5PL056230V330904L,6.0000
200031051,200033581,Retail,,"Mar 9, 2015 10:51:50 AM",$58.98,$49.98,$9.00,$0.00,$0.00,71L485300U6718452,3.0000
200031052,200033582,Retail,,"Mar 9, 2015 1:04:50 PM",$48.99,$39.99,$9.00,$0.00,$0.00,3PY304053S271523V,2.0000
200031053,200033583,Retail,,"Mar 9, 2015 2:17:34 PM",$48.99,$39.99,$9.00,$0.00,$0.00,3H525714KN856973A,2.0000
200031054,200033584,Retail,,"Mar 9, 2015 3:03:48 PM",$66.97,$59.97,$7.00,$0.00,$0.00,7JF66982EL810861G,6.0000
200031055,200033585,Retail,,"Mar 9, 2015 3:53:12 PM",$46.99,$39.99,$7.00,$0.00,$0.00,36J48015WR668162B,1.0000
200031056,200033587,Retail,4878,"Mar 9, 2015 3:55:57 PM",$0.00,$39.99,$0.00,$0.00,$39.99,,1.0000
200031057,200033586,Retail,,"Mar 9, 2015 4:05:26 PM",$46.99,$39.99,$7.00,$0.00,$0.00,4Y896157UB7063006,2.0000
200031058,200033588,Retail,,"Mar 9, 2015 4:21:30 PM",$46.99,$39.99,$7.00,$0.00,$0.00,7BD187350A755181F,3.0000
200031059,200033590,Retail,,"Mar 9, 2015 5:48:43 PM",$46.99,$39.99,$7.00,$0.00,$0.00,8WT95877FV9753615,2.0000
200031060,200033591,Retail,,"Mar 9, 2015 7:45:03 PM",$48.99,$39.99,$9.00,$0.00,$0.00,3Y955110A00387459,2.0000
200031061,200033592,Retail,,"Mar 9, 2015 8:58:18 PM",$52.19,$39.99,$9.00,$3.20,$0.00,80T56810208944000,3.0000
200031062,200033593,Retail,,"Mar 9, 2015 10:40:45 PM",$52.19,$39.99,$9.00,$3.20,$0.00,88254353C6263544F,2.0000
200031063,200033594,Retail,,"Mar 10, 2015 12:50:48 AM",$74.99,$39.99,$35.00,$0.00,$0.00,44V84191YC087593T,3.0000
200031064,200033595,Retail,,"Mar 10, 2015 5:10:07 AM",$46.99,$39.99,$7.00,$0.00,$0.00,7WR31563EK831752K,2.0000
200031065,200033597,Retail,4879,"Mar 10, 2015 6:45:12 AM",$44.99,$39.99,$9.00,$0.00,$4.00,2HK52185TX9179830,2.0000
200031066,200033598,Retail,,"Mar 10, 2015 9:12:56 AM",$46.99,$39.99,$7.00,$0.00,$0.00,77L30396K5102242V,2.0000
200031067,200033599,Retail,4880,"Mar 10, 2015 9:52:16 AM",$0.00,$39.99,$0.00,$0.00,$39.99,,1.0000
250006775,250007153,Wholesale,1162,"Mar 10, 2015 10:36:08 AM",$267.30,$240.00,$27.30,$0.00,$0.00,9PE66479R6538414B,15.0000
250006776,250007103,Wholesale,1115,"Mar 10, 2015 1:44:33 PM",$80.00,$80.00,$0.00,$0.00,$0.00,,4.0000
250006777,250007104,Wholesale,1115,"Mar 10, 2015 1:44:34 PM",$80.00,$80.00,$0.00,$0.00,$0.00,,4.0000
250006778,250007101,Wholesale,1115,"Mar 10, 2015 1:44:34 PM",$80.00,$80.00,$0.00,$0.00,$0.00,,4.0000
250006779,250007102,Wholesale,1115,"Mar 10, 2015 1:44:35 PM",$80.00,$80.00,$0.00,$0.00,$0.00,,4.0000
250006780,250007099,Wholesale,1115,"Mar 10, 2015 1:44:36 PM",$80.00,$80.00,$0.00,$0.00,$0.00,,4.0000
250006781,250007100,Wholesale,1115,"Mar 10, 2015 1:44:37 PM",$80.00,$80.00,$0.00,$0.00,$0.00,,4.0000
250006782,250007096,Wholesale,1115,"Mar 10, 2015 1:44:38 PM",$240.00,$240.00,$0.00,$0.00,$0.00,,12.0000
250006783,250007097,Wholesale,1115,"Mar 10, 2015 1:44:39 PM",$80.00,$80.00,$0.00,$0.00,$0.00,,4.0000
250006784,250007098,Wholesale,1115,"Mar 10, 2015 1:44:39 PM",$80.00,$80.00,$0.00,$0.00,$0.00,,4.0000
250006785,250007094,Wholesale,1115,"Mar 10, 2015 1:44:40 PM",$160.00,$160.00,$0.00,$0.00,$0.00,,8.0000
250006786,250007095,Wholesale,1115,"Mar 10, 2015 1:44:41 PM",$160.00,$160.00,$0.00,$0.00,$0.00,,8.0000
250006787,250007093,Wholesale,1115,"Mar 10, 2015 1:44:42 PM",$240.00,$240.00,$0.00,$0.00,$0.00,,12.0000
200031068,200033600,Retail,4881,"Mar 10, 2015 1:46:19 PM",$0.00,$39.99,$0.00,$0.00,$39.99,,1.0000
250006788,250007154,Wholesale,765,"Mar 10, 2015 2:56:47 PM",$260.10,$240.00,$27.30,$0.00,$7.20,8V394233MA505183F,15.0000
200031069,200033601,Retail,,"Mar 10, 2015 4:20:57 PM",$46.99,$39.99,$7.00,$0.00,$0.00,3YD76218BC571370V,3.0000
200031070,200033602,Retail,,"Mar 10, 2015 5:52:34 PM",$46.99,$39.99,$7.00,$0.00,$0.00,08F09009MH5121338,2.0000
200031071,200033603,Retail,4882,"Mar 10, 2015 6:17:47 PM",$42.99,$39.99,$7.00,$0.00,$4.00,66X57596F5334402B,2.0000
200031072,200033604,Retail,,"Mar 10, 2015 7:00:04 PM",$48.99,$39.99,$9.00,$0.00,$0.00,1JV47164PB405710G,2.0000
200031073,200033606,Retail,,"Mar 10, 2015 9:11:37 PM",$46.99,$39.99,$7.00,$0.00,$0.00,2LU58515BD470763U,2.0000
200031074,200033607,Retail,,"Mar 10, 2015 9:22:40 PM",$50.19,$39.99,$7.00,$3.20,$0.00,8W866475T79388548,2.0000
200031075,200033608,Retail,,"Mar 10, 2015 11:52:15 PM",$46.99,$39.99,$7.00,$0.00,$0.00,6FC71499380974158,2.0000
200031076,200033609,Retail,,"Mar 11, 2015 2:56:00 AM",$114.98,$69.98,$45.00,$0.00,$0.00,4RM96890P0965715F,6.0000
200031077,200033610,Retail,,"Mar 11, 2015 3:45:14 AM",$99.97,$59.97,$40.00,$0.00,$0.00,6G837201703975132,6.0000
200031078,200033611,Retail,,"Mar 11, 2015 4:30:42 AM",$66.99,$59.99,$7.00,$0.00,$0.00,61K63579CS819425C,4.0000
200031079,200033612,Retail,,"Mar 11, 2015 5:35:27 AM",$68.99,$59.99,$9.00,$0.00,$0.00,2HW620598L7625210,4.0000
200031080,200033613,Retail,,"Mar 11, 2015 6:05:32 AM",$66.98,$59.98,$7.00,$0.00,$0.00,5S5777689H971753R,4.0000
200031081,200033614,Retail,,"Mar 11, 2015 6:13:17 AM",$48.99,$39.99,$9.00,$0.00,$0.00,9GP520852H7799437,2.0000
250006789,250007143,Wholesale,1115,"Mar 11, 2015 8:11:43 AM",$160.00,$160.00,$0.00,$0.00,$0.00,,8.0000
250006790,250007142,Wholesale,1115,"Mar 11, 2015 8:11:43 AM",$80.00,$80.00,$0.00,$0.00,$0.00,,4.0000
250006791,250007140,Wholesale,1115,"Mar 11, 2015 8:11:46 AM",$80.00,$80.00,$0.00,$0.00,$0.00,,4.0000
250006792,250007137,Wholesale,1115,"Mar 11, 2015 8:11:47 AM",$80.00,$80.00,$0.00,$0.00,$0.00,,4.0000
250006793,250007138,Wholesale,1115,"Mar 11, 2015 8:11:48 AM",$160.00,$160.00,$0.00,$0.00,$0.00,,8.0000
250006794,250007134,Wholesale,1115,"Mar 11, 2015 8:11:49 AM",$240.00,$240.00,$0.00,$0.00,$0.00,,12.0000
250006795,250007135,Wholesale,1115,"Mar 11, 2015 8:11:50 AM",$80.00,$80.00,$0.00,$0.00,$0.00,,4.0000
250006796,250007136,Wholesale,1115,"Mar 11, 2015 8:11:50 AM",$160.00,$160.00,$0.00,$0.00,$0.00,,8.0000
250006797,250006998,Wholesale,850,"Mar 11, 2015 8:11:51 AM","$2,400.00","$2,400.00",$0.00,$0.00,$0.00,,120.0000
200031082,200033615,Retail,1229,"Mar 11, 2015 9:50:04 AM",$0.00,$0.00,$0.00,$0.00,$0.00,,20.0000
250006798,250007173,Wholesale,2715,"Mar 11, 2015 10:34:30 AM",$260.10,$240.00,$27.30,$0.00,$7.20,1BS55175053487442,15.0000
250006799,250007174,Wholesale,793,"Mar 11, 2015 11:24:18 AM",$310.40,$320.00,$0.00,$0.00,$9.60,4W6986190J209394H,20.0000
200031083,200033616,Retail,,"Mar 11, 2015 12:34:29 PM",$50.19,$39.99,$7.00,$3.20,$0.00,52J37019V0273601A,2.0000
200031084,200033617,Retail,,"Mar 11, 2015 3:07:31 PM",$46.99,$39.99,$7.00,$0.00,$0.00,3EU90452J3318000F,2.0000
250006800,250007175,Wholesale,1432,"Mar 11, 2015 4:28:15 PM",$0.00,$20.00,$0.00,$0.00,$20.00,,1.0000
200031085,200033619,Retail,4885,"Mar 11, 2015 4:38:16 PM",$48.99,$39.99,$9.00,$0.00,$0.00,9M0497993Y559770X,3.0000
200031086,200033620,Retail,,"Mar 11, 2015 4:46:00 PM",$162.49,$159.96,$7.00,$11.52,$15.99,6U4390145D378964E,8.0000
200031087,200033621,Retail,,"Mar 11, 2015 6:11:34 PM",$46.99,$39.99,$7.00,$0.00,$0.00,24L37157FE352554P,2.0000
200031088,200033622,Retail,,"Mar 11, 2015 6:33:08 PM",$46.99,$39.99,$7.00,$0.00,$0.00,83B03189LK194944R,3.0000
200031089,200033623,Retail,,"Mar 11, 2015 6:50:38 PM",$90.98,$79.98,$11.00,$0.00,$0.00,5J659437HM830982L,4.0000
200031090,200033624,Retail,4886,"Mar 11, 2015 7:22:31 PM",$50.19,$39.99,$7.00,$3.20,$0.00,2D434240A0660141E,2.0000
200031091,200033625,Retail,,"Mar 11, 2015 7:45:12 PM",$57.98,$49.98,$8.00,$0.00,$0.00,075807120G6390209,5.0000
200031092,200033626,Retail,,"Mar 11, 2015 8:59:06 PM",$50.19,$39.99,$7.00,$3.20,$0.00,8YM33696P0597001J,2.0000
200031093,200033627,Retail,,"Mar 11, 2015 9:12:09 PM",$67.99,$59.99,$8.00,$0.00,$0.00,3WD80555TG1946539,4.0000
200031094,200033628,Retail,,"Mar 11, 2015 11:52:07 PM",$42.99,$39.99,$7.00,$0.00,$4.00,50S61684G4955022K,2.0000
200031095,200033630,Retail,4887,"Mar 12, 2015 5:21:18 AM",$42.99,$39.99,$7.00,$0.00,$4.00,0KF67802XL776042X,2.0000
200031096,200033631,Retail,,"Mar 12, 2015 5:30:44 AM",$69.97,$59.97,$10.00,$0.00,$0.00,8LG92549CA601760U,6.0000
200031097,200033632,Retail,,"Mar 12, 2015 6:51:44 AM",$75.99,$39.99,$36.00,$0.00,$0.00,48J32235KK5335144,2.0000
200031098,200033633,Retail,,"Mar 12, 2015 7:23:55 AM",$88.98,$79.98,$9.00,$0.00,$0.00,41G37351NC366645U,4.0000
200031099,200033634,Retail,,"Mar 12, 2015 9:03:33 AM",$64.99,$56.99,$8.00,$0.00,$0.00,0W536432Y73970026,4.0000
200031100,200033635,Retail,,"Mar 12, 2015 9:08:05 AM",$48.99,$39.99,$9.00,$0.00,$0.00,8N536532KV8416203,1.0000
250006801,250007185,Wholesale,1115,"Mar 12, 2015 9:25:46 AM","$1,788.00","$1,788.00",$0.00,$0.00,$0.00,,110.0000
250006802,250007186,Wholesale,2598,"Mar 12, 2015 9:52:00 AM",$86.70,$80.00,$9.10,$0.00,$2.40,4HL49044JY038294X,5.0000
200031101,200033636,Retail,,"Mar 12, 2015 10:25:14 AM",$46.99,$39.99,$7.00,$0.00,$0.00,9M523666UP114051D,2.0000
200031102,200033637,Retail,,"Mar 12, 2015 10:34:15 AM",$46.99,$39.99,$7.00,$0.00,$0.00,2PD554028H544525D,2.0000
200031103,200033638,Retail,,"Mar 12, 2015 11:25:52 AM",$88.98,$79.98,$9.00,$0.00,$0.00,2H834818E0202320U,2.0000
250006803,250007172,Wholesale,1115,"Mar 12, 2015 11:35:46 AM","$4,694.00","$4,694.00",$0.00,$0.00,$0.00,,244.0000
250006804,250007171,Wholesale,1115,"Mar 12, 2015 11:35:47 AM","$3,894.00","$3,894.00",$0.00,$0.00,$0.00,,204.0000
250006805,250007169,Wholesale,1115,"Mar 12, 2015 11:35:48 AM",$80.00,$80.00,$0.00,$0.00,$0.00,,4.0000
250006806,250007170,Wholesale,1115,"Mar 12, 2015 11:35:49 AM",$160.00,$160.00,$0.00,$0.00,$0.00,,8.0000
250006807,250007167,Wholesale,1115,"Mar 12, 2015 11:35:49 AM",$80.00,$80.00,$0.00,$0.00,$0.00,,4.0000
250006808,250007168,Wholesale,1115,"Mar 12, 2015 11:35:50 AM",$160.00,$160.00,$0.00,$0.00,$0.00,,8.0000
250006809,250007165,Wholesale,1115,"Mar 12, 2015 11:35:51 AM",$560.00,$560.00,$0.00,$0.00,$0.00,,28.0000
250006810,250007166,Wholesale,1115,"Mar 12, 2015 11:35:52 AM",$320.00,$320.00,$0.00,$0.00,$0.00,,16.0000
250006811,250007163,Wholesale,1115,"Mar 12, 2015 11:35:53 AM",$80.00,$80.00,$0.00,$0.00,$0.00,,4.0000
250006812,250007164,Wholesale,1115,"Mar 12, 2015 11:35:54 AM",$160.00,$160.00,$0.00,$0.00,$0.00,,8.0000
250006813,250007162,Wholesale,1115,"Mar 12, 2015 11:35:54 AM",$480.00,$480.00,$0.00,$0.00,$0.00,,24.0000
250006814,250007160,Wholesale,1115,"Mar 12, 2015 11:35:55 AM",$400.00,$400.00,$0.00,$0.00,$0.00,,20.0000
250006815,250007158,Wholesale,1115,"Mar 12, 2015 11:35:56 AM",$80.00,$80.00,$0.00,$0.00,$0.00,,4.0000
250006816,250007159,Wholesale,1115,"Mar 12, 2015 11:36:27 AM",$80.00,$80.00,$0.00,$0.00,$0.00,,4.0000
250006817,250007156,Wholesale,1115,"Mar 12, 2015 11:36:28 AM",$160.00,$160.00,$0.00,$0.00,$0.00,,8.0000
250006818,250007157,Wholesale,1115,"Mar 12, 2015 11:36:29 AM",$80.00,$80.00,$0.00,$0.00,$0.00,,4.0000
250006819,250007155,Wholesale,1115,"Mar 12, 2015 11:36:30 AM",$80.00,$80.00,$0.00,$0.00,$0.00,,4.0000
200031104,200033639,Retail,,"Mar 12, 2015 11:42:22 AM",$46.99,$39.99,$7.00,$0.00,$0.00,50783079CV566735S,2.0000
200031105,200033640,Retail,,"Mar 12, 2015 11:54:15 AM",$46.99,$39.99,$7.00,$0.00,$0.00,0Y9837058S655910J,3.0000
200031106,200033641,Retail,1229,"Mar 12, 2015 2:49:30 PM",$0.00,$0.00,$0.00,$0.00,$0.00,,180.0000
200031107,200033642,Retail,,"Mar 12, 2015 3:55:47 PM",$46.99,$39.99,$7.00,$0.00,$0.00,1NT19030KF008725B,2.0000
200031108,200033643,Retail,4889,"Mar 12, 2015 4:11:13 PM",$0.00,$39.99,$0.00,$0.00,$39.99,,1.0000
200031109,200033644,Retail,,"Mar 12, 2015 4:13:31 PM",$48.99,$39.99,$9.00,$0.00,$0.00,6C998838LE4375540,3.0000
300000215,300000264,International,1113,"Mar 12, 2015 4:40:04 PM","$4,094.24","$5,760.00",$0.00,$0.00,"$1,665.76",,384.0000
200031110,200033645,Retail,,"Mar 12, 2015 5:28:07 PM",$50.19,$39.99,$7.00,$3.20,$0.00,1V108008J6636051J,3.0000
200031111,200033646,Retail,,"Mar 12, 2015 6:23:43 PM",$59.98,$49.98,$10.00,$0.00,$0.00,0E085675E2510582U,4.0000
200031112,200033647,Retail,,"Mar 12, 2015 6:26:01 PM",$48.99,$39.99,$9.00,$0.00,$0.00,8DW56322JV740921J,2.0000
200031113,200033648,Retail,,"Mar 12, 2015 7:05:16 PM",$67.99,$59.99,$8.00,$0.00,$0.00,19E20656TX3254747,4.0000
200031114,200033650,Retail,,"Mar 12, 2015 7:54:42 PM",$46.99,$39.99,$7.00,$0.00,$0.00,0RY68811462520702,2.0000
200031115,200033649,Retail,,"Mar 12, 2015 8:00:09 PM",$42.99,$39.99,$7.00,$0.00,$4.00,7Y9754740P1840143,2.0000
200031116,200033652,Retail,,"Mar 13, 2015 3:55:07 AM",$52.98,$49.98,$8.00,$0.00,$5.00,82290318T5011352G,4.0000
200031117,200033654,Retail,,"Mar 13, 2015 7:44:08 AM",$46.99,$39.99,$7.00,$0.00,$0.00,5D866489EL759784R,2.0000
200031118,200033655,Retail,,"Mar 13, 2015 8:22:17 AM",$42.99,$39.99,$7.00,$0.00,$4.00,03W13159B58972540,2.0000
200031119,200033656,Retail,,"Mar 13, 2015 10:19:57 AM",$50.19,$39.99,$7.00,$3.20,$0.00,61F59260179778904,2.0000
250006820,250007183,Wholesale,1115,"Mar 13, 2015 10:32:05 AM",$80.00,$80.00,$0.00,$0.00,$0.00,,4.0000
250006821,250007184,Wholesale,1115,"Mar 13, 2015 10:32:05 AM",$160.00,$160.00,$0.00,$0.00,$0.00,,8.0000
250006822,250007181,Wholesale,1115,"Mar 13, 2015 10:32:06 AM",$80.00,$80.00,$0.00,$0.00,$0.00,,4.0000
250006823,250007182,Wholesale,1115,"Mar 13, 2015 10:32:07 AM",$240.00,$240.00,$0.00,$0.00,$0.00,,12.0000
250006824,250007180,Wholesale,1115,"Mar 13, 2015 10:32:08 AM",$80.00,$80.00,$0.00,$0.00,$0.00,,4.0000
250006825,250007176,Wholesale,1115,"Mar 13, 2015 10:32:09 AM",$400.00,$400.00,$0.00,$0.00,$0.00,,20.0000
250006826,250007177,Wholesale,1115,"Mar 13, 2015 10:32:10 AM",$400.00,$400.00,$0.00,$0.00,$0.00,,20.0000
250006827,250007133,Wholesale,3994,"Mar 13, 2015 10:32:13 AM","$3,764.00","$3,764.00",$0.00,$0.00,$0.00,,244.0000
250006828,250007132,Wholesale,3994,"Mar 13, 2015 10:32:14 AM","$2,164.00","$2,164.00",$0.00,$0.00,$0.00,,164.0000
250006829,250007196,Wholesale,3185,"Mar 13, 2015 10:46:41 AM",$89.10,$80.00,$9.10,$0.00,$0.00,3MT89444KW659973G,5.0000
250006830,250007197,Wholesale,3452,"Mar 13, 2015 10:50:23 AM",$344.40,$308.00,$36.40,$0.00,$0.00,9DR61393545987802,20.0000
200031120,200033657,Retail,4890,"Mar 13, 2015 10:51:51 AM",$0.00,$39.99,$0.00,$0.00,$39.99,,1.0000
200031121,200033658,Retail,,"Mar 13, 2015 12:12:10 PM",$44.99,$39.99,$9.00,$0.00,$4.00,8P981252K67784728,2.0000
200031122,200033659,Retail,,"Mar 13, 2015 12:19:22 PM",$48.99,$39.99,$9.00,$0.00,$0.00,41A69778DL106145X,2.0000
200031123,200033660,Retail,,"Mar 13, 2015 1:10:07 PM",$59.99,$39.99,$20.00,$0.00,$0.00,3RS54072AT6634312,2.0000
200031124,200033661,Retail,,"Mar 13, 2015 3:35:21 PM",$46.99,$39.99,$7.00,$0.00,$0.00,60P80496EX8443251,2.0000
200031125,200033662,Retail,,"Mar 13, 2015 4:15:01 PM",$46.99,$39.99,$7.00,$0.00,$0.00,00L2494004128200L,3.0000
200031126,200033663,Retail,,"Mar 13, 2015 5:17:57 PM",$67.99,$59.99,$8.00,$0.00,$0.00,8VX035923B429651T,4.0000
200031127,200033664,Retail,,"Mar 13, 2015 5:39:49 PM",$48.99,$39.99,$9.00,$0.00,$0.00,0CA77107LT7337537,2.0000
200031128,200033665,Retail,,"Mar 13, 2015 6:16:17 PM",$46.99,$39.99,$7.00,$0.00,$0.00,67946359G3914953L,2.0000
200031129,200033666,Retail,,"Mar 13, 2015 6:54:05 PM",$69.99,$59.99,$10.00,$0.00,$0.00,046522991M619003G,5.0000
200031130,200033668,Retail,,"Mar 14, 2015 7:12:03 AM",$48.99,$39.99,$9.00,$0.00,$0.00,7BB98292EV8705710,3.0000
200031131,200033669,Retail,,"Mar 14, 2015 7:38:56 AM",$57.98,$49.98,$8.00,$0.00,$0.00,8VP90665VT197514J,4.0000
200031132,200033670,Retail,,"Mar 14, 2015 8:03:51 AM",$84.97,$59.97,$25.00,$0.00,$0.00,9A3466667E110621S,6.0000
200031133,200033671,Retail,,"Mar 14, 2015 8:07:47 AM",$46.99,$39.99,$7.00,$0.00,$0.00,0A418817MH3363448,2.0000
200031134,200033672,Retail,,"Mar 14, 2015 12:41:11 PM",$46.99,$39.99,$7.00,$0.00,$0.00,4R009485AG273531V,2.0000
200031135,200033673,Retail,,"Mar 14, 2015 1:10:57 PM",$47.99,$39.99,$8.00,$0.00,$0.00,0TS17003VR099521E,1.0000
200031136,200033675,Retail,,"Mar 14, 2015 2:49:19 PM",$46.99,$39.99,$7.00,$0.00,$0.00,1EF19912XS1430023,2.0000
200031137,200033676,Retail,,"Mar 14, 2015 3:18:38 PM",$59.98,$49.98,$10.00,$0.00,$0.00,9KP740847P4882604,5.0000
200031138,200033677,Retail,,"Mar 14, 2015 3:50:05 PM",$47.99,$39.99,$8.00,$0.00,$0.00,4XH01409BC279760S,2.0000
200031139,200033678,Retail,,"Mar 14, 2015 4:55:01 PM",$59.99,$39.99,$20.00,$0.00,$0.00,56T25374NG938171A,2.0000
200031140,200033679,Retail,,"Mar 14, 2015 6:12:39 PM",$88.98,$79.98,$9.00,$0.00,$0.00,532094129P9711811,4.0000
200031141,200033680,Retail,,"Mar 14, 2015 7:07:48 PM",$46.99,$39.99,$7.00,$0.00,$0.00,0VF857877E5430508,3.0000
200031142,200033681,Retail,,"Mar 14, 2015 7:42:18 PM",$46.99,$39.99,$7.00,$0.00,$0.00,0UY2237567967354Y,2.0000
200031143,200033682,Retail,,"Mar 14, 2015 8:49:03 PM",$67.99,$59.99,$8.00,$0.00,$0.00,9GU34680KH777544P,4.0000
200031144,200033683,Retail,,"Mar 15, 2015 12:33:46 AM",$42.99,$39.99,$7.00,$0.00,$4.00,9XA98218FV507721D,2.0000
200031145,200033684,Retail,,"Mar 15, 2015 6:33:09 AM",$57.98,$49.98,$8.00,$0.00,$0.00,19K452259A0233231,4.0000
200031146,200033685,Retail,,"Mar 15, 2015 7:28:19 AM",$46.99,$39.99,$7.00,$0.00,$0.00,84J12463MA396805M,2.0000
200031147,200033686,Retail,,"Mar 15, 2015 8:03:31 AM",$274.95,$199.95,$75.00,$0.00,$0.00,2UC15619E52975234,10.0000
200031148,200033687,Retail,,"Mar 15, 2015 8:14:09 AM",$46.99,$39.99,$7.00,$0.00,$0.00,9E0829493N458801W,2.0000
200031149,200033688,Retail,,"Mar 15, 2015 8:48:22 AM",$42.99,$39.99,$7.00,$0.00,$4.00,1EN1253802828490E,2.0000
200031150,200033689,Retail,,"Mar 15, 2015 8:56:11 AM",$46.99,$39.99,$7.00,$0.00,$0.00,8XU72160R48498733,2.0000
200031151,200033690,Retail,4893,"Mar 15, 2015 9:54:08 AM",$48.99,$39.99,$9.00,$0.00,$0.00,9HW06083S5105502G,2.0000
200031152,200033691,Retail,,"Mar 15, 2015 10:25:56 AM",$57.98,$49.98,$8.00,$0.00,$0.00,0SL26037JP587303H,5.0000
200031153,200033692,Retail,4637,"Mar 15, 2015 10:29:35 AM",$70.99,$39.99,$35.00,$0.00,$4.00,3V562457BR9836314,2.0000
200031154,200033693,Retail,,"Mar 15, 2015 10:42:51 AM",$46.99,$39.99,$7.00,$0.00,$0.00,4VE16933X11699123,3.0000
200031155,200033696,Retail,,"Mar 15, 2015 1:51:54 PM",$99.99,$69.99,$30.00,$0.00,$0.00,9DM37444TA996971A,5.0000
200031156,200033697,Retail,,"Mar 15, 2015 3:30:18 PM",$50.19,$39.99,$7.00,$3.20,$0.00,5A679303K9541680C,2.0000
200031157,200033698,Retail,,"Mar 15, 2015 3:43:20 PM",$46.99,$39.99,$7.00,$0.00,$0.00,5A9985037V0285542,2.0000
200031158,200033699,Retail,,"Mar 15, 2015 3:53:01 PM",$46.99,$39.99,$7.00,$0.00,$0.00,17K338713S597293T,2.0000
200031159,200033700,Retail,,"Mar 15, 2015 4:11:37 PM",$46.99,$39.99,$7.00,$0.00,$0.00,8VR75821V9327324G,2.0000
200031160,200033701,Retail,,"Mar 15, 2015 6:35:48 PM",$48.99,$39.99,$9.00,$0.00,$0.00,362028411T380523C,2.0000
200031161,200033702,Retail,,"Mar 15, 2015 6:59:41 PM",$46.99,$39.99,$7.00,$0.00,$0.00,3P905357AB852122B,2.0000
200031162,200033704,Retail,,"Mar 15, 2015 10:26:11 PM",$48.99,$39.99,$9.00,$0.00,$0.00,3PB3395748977631N,3.0000
200031163,200033705,Retail,,"Mar 16, 2015 7:02:14 AM",$46.99,$39.99,$7.00,$0.00,$0.00,0W447153082129543,2.0000
200031164,200033706,Retail,,"Mar 16, 2015 7:57:34 AM",$46.99,$39.99,$7.00,$0.00,$0.00,6VT63225UM611835X,2.0000
200031165,200033707,Retail,,"Mar 16, 2015 8:01:29 AM",$46.99,$39.99,$7.00,$0.00,$0.00,50T21562Y58165604,2.0000
200031166,200033708,Retail,,"Mar 16, 2015 9:05:06 AM",$59.98,$49.98,$10.00,$0.00,$0.00,7CC44837CL590713L,4.0000
250006831,250007208,Wholesale,1265,"Mar 16, 2015 10:14:16 AM",$170.20,$160.00,$18.20,$0.00,$8.00,1UN5056763589340K,10.0000
200031167,200033709,Retail,,"Mar 16, 2015 10:23:31 AM",$46.99,$39.99,$7.00,$0.00,$0.00,5K4060775X616633R,2.0000
200031168,200033711,Retail,,"Mar 16, 2015 12:02:16 PM",$46.99,$39.99,$7.00,$0.00,$0.00,9KP95214EF7526226,2.0000
200031169,200033713,Retail,4894,"Mar 16, 2015 1:54:40 PM",$69.99,$59.99,$10.00,$0.00,$0.00,1FK742004V834880D,4.0000
200031170,200033714,Retail,,"Mar 16, 2015 2:25:36 PM",$60.99,$39.99,$21.00,$0.00,$0.00,94P094013W811773Y,1.0000
200031171,200033715,Retail,,"Mar 16, 2015 2:43:38 PM",$48.99,$39.99,$9.00,$0.00,$0.00,5GU440208Y9948038,1.0000
300000216,300000265,International,4895,"Mar 16, 2015 3:35:05 PM",$132.00,$72.00,$60.00,$0.00,$0.00,,4.0000
200031172,200033716,Retail,,"Mar 16, 2015 5:48:31 PM",$46.99,$39.99,$7.00,$0.00,$0.00,38176375RT862293R,3.0000
200031173,200033717,Retail,,"Mar 16, 2015 6:19:42 PM",$57.98,$49.98,$8.00,$0.00,$0.00,4TF0892953518521K,5.0000
200031174,200033718,Retail,4896,"Mar 16, 2015 11:28:08 PM",$50.19,$39.99,$7.00,$3.20,$0.00,45M98777N6345613P,2.0000
200031175,200033719,Retail,4897,"Mar 17, 2015 4:16:44 AM",$89.98,$49.98,$40.00,$0.00,$0.00,0N364678TL5278439,4.0000
200031176,200033720,Retail,,"Mar 17, 2015 6:31:23 AM",$0.00,$0.00,$0.00,$0.00,$0.00,,1.0000
200031177,200033721,Retail,,"Mar 17, 2015 6:41:05 AM",$69.99,$59.99,$10.00,$0.00,$0.00,4V759658EM270803N,5.0000
200031178,200033722,Retail,,"Mar 17, 2015 7:46:04 AM",$46.99,$39.99,$7.00,$0.00,$0.00,8XS15527X85076942,2.0000
200031179,200033723,Retail,,"Mar 17, 2015 7:47:27 AM",$63.98,$49.98,$10.00,$4.00,$0.00,3HW29373AV929623B,5.0000
200031180,200033724,Retail,,"Mar 17, 2015 8:11:58 AM",$46.99,$39.99,$7.00,$0.00,$0.00,1W206319AD7374043,3.0000
200031181,200033726,Retail,,"Mar 17, 2015 9:44:25 AM",$50.19,$39.99,$7.00,$3.20,$0.00,5DB12585PA2275746,2.0000
200031182,200033727,Retail,,"Mar 17, 2015 9:45:46 AM",$44.99,$39.99,$9.00,$0.00,$4.00,2YP59206HM6368030,2.0000
250006832,250007242,Wholesale,3653,"Mar 17, 2015 9:48:06 AM",$243.90,$228.00,$27.30,$0.00,$11.40,9ML09913MT918494G,15.0000
250006833,250007243,Wholesale,4898,"Mar 17, 2015 10:40:10 AM",$170.20,$160.00,$18.20,$0.00,$8.00,76C205464M841664P,10.0000
250006834,250007195,Wholesale,1115,"Mar 17, 2015 11:33:44 AM",$160.00,$160.00,$0.00,$0.00,$0.00,,8.0000
250006835,250007194,Wholesale,1115,"Mar 17, 2015 11:33:45 AM",$160.00,$160.00,$0.00,$0.00,$0.00,,8.0000
250006836,250007192,Wholesale,1115,"Mar 17, 2015 11:33:45 AM",$160.00,$160.00,$0.00,$0.00,$0.00,,8.0000
250006837,250007193,Wholesale,1115,"Mar 17, 2015 11:33:46 AM",$80.00,$80.00,$0.00,$0.00,$0.00,,4.0000
250006838,250007190,Wholesale,1115,"Mar 17, 2015 11:33:47 AM",$160.00,$160.00,$0.00,$0.00,$0.00,,8.0000
250006839,250007191,Wholesale,1115,"Mar 17, 2015 11:33:48 AM",$80.00,$80.00,$0.00,$0.00,$0.00,,4.0000
250006840,250007189,Wholesale,1115,"Mar 17, 2015 11:33:49 AM",$80.00,$80.00,$0.00,$0.00,$0.00,,4.0000
250006841,250007187,Wholesale,1115,"Mar 17, 2015 11:33:50 AM",$240.00,$240.00,$0.00,$0.00,$0.00,,12.0000
250006842,250007129,Wholesale,3994,"Mar 17, 2015 11:33:51 AM",$160.00,$160.00,$0.00,$0.00,$0.00,,8.0000
250006843,250007130,Wholesale,3994,"Mar 17, 2015 11:33:51 AM",$80.00,$80.00,$0.00,$0.00,$0.00,,4.0000
250006844,250007131,Wholesale,3994,"Mar 17, 2015 11:33:52 AM",$640.00,$640.00,$0.00,$0.00,$0.00,,32.0000
250006845,250007126,Wholesale,3994,"Mar 17, 2015 11:33:53 AM",$480.00,$480.00,$0.00,$0.00,$0.00,,24.0000
250006846,250007127,Wholesale,3994,"Mar 17, 2015 11:33:54 AM","$1,040.00","$1,040.00",$0.00,$0.00,$0.00,,52.0000
250006847,250007128,Wholesale,3994,"Mar 17, 2015 11:33:55 AM",$800.00,$800.00,$0.00,$0.00,$0.00,,40.0000
250006848,250007123,Wholesale,3994,"Mar 17, 2015 11:33:56 AM",$160.00,$160.00,$0.00,$0.00,$0.00,,8.0000
250006849,250007124,Wholesale,3994,"Mar 17, 2015 11:33:57 AM","$1,360.00","$1,360.00",$0.00,$0.00,$0.00,,68.0000
250006850,250007125,Wholesale,3994,"Mar 17, 2015 11:33:58 AM",$160.00,$160.00,$0.00,$0.00,$0.00,,8.0000
250006851,250007119,Wholesale,3994,"Mar 17, 2015 11:33:59 AM","$1,120.00","$1,120.00",$0.00,$0.00,$0.00,,56.0000
250006852,250007120,Wholesale,3994,"Mar 17, 2015 11:33:59 AM",$80.00,$80.00,$0.00,$0.00,$0.00,,4.0000
250006853,250007121,Wholesale,3994,"Mar 17, 2015 11:34:00 AM",$240.00,$240.00,$0.00,$0.00,$0.00,,12.0000
250006854,250007122,Wholesale,3994,"Mar 17, 2015 11:34:01 AM","$1,040.00","$1,040.00",$0.00,$0.00,$0.00,,52.0000
250006855,250007116,Wholesale,3994,"Mar 17, 2015 11:34:02 AM",$240.00,$240.00,$0.00,$0.00,$0.00,,12.0000
250006856,250007117,Wholesale,3994,"Mar 17, 2015 11:34:03 AM",$960.00,$960.00,$0.00,$0.00,$0.00,,48.0000
250006857,250007118,Wholesale,3994,"Mar 17, 2015 11:34:04 AM",$160.00,$160.00,$0.00,$0.00,$0.00,,8.0000
250006858,250007112,Wholesale,3994,"Mar 17, 2015 11:34:05 AM",$240.00,$240.00,$0.00,$0.00,$0.00,,12.0000
250006859,250007113,Wholesale,3994,"Mar 17, 2015 11:34:06 AM",$880.00,$880.00,$0.00,$0.00,$0.00,,44.0000
250006860,250007114,Wholesale,3994,"Mar 17, 2015 11:34:06 AM",$320.00,$320.00,$0.00,$0.00,$0.00,,16.0000
250006861,250007115,Wholesale,3994,"Mar 17, 2015 11:34:07 AM","$1,360.00","$1,360.00",$0.00,$0.00,$0.00,,68.0000
250006862,250007108,Wholesale,3994,"Mar 17, 2015 11:34:08 AM",$560.00,$560.00,$0.00,$0.00,$0.00,,28.0000
250006863,250007109,Wholesale,3994,"Mar 17, 2015 11:34:09 AM",$320.00,$320.00,$0.00,$0.00,$0.00,,16.0000
250006864,250007110,Wholesale,3994,"Mar 17, 2015 11:34:10 AM",$640.00,$640.00,$0.00,$0.00,$0.00,,32.0000
250006865,250007111,Wholesale,3994,"Mar 17, 2015 11:34:11 AM",$400.00,$400.00,$0.00,$0.00,$0.00,,20.0000
250006866,250007107,Wholesale,3994,"Mar 17, 2015 11:34:12 AM",$80.00,$80.00,$0.00,$0.00,$0.00,,4.0000
250006867,250007081,Wholesale,1115,"Mar 17, 2015 11:34:13 AM",$240.00,$240.00,$0.00,$0.00,$0.00,,12.0000
250006868,250007244,Wholesale,4229,"Mar 17, 2015 11:57:14 AM",$170.20,$160.00,$18.20,$0.00,$8.00,8AG43929YE001892E,10.0000
200031183,200033729,Retail,4899,"Mar 17, 2015 3:31:59 PM",$0.00,$39.99,$0.00,$0.00,$39.99,,1.0000
200031184,200033730,Retail,1229,"Mar 17, 2015 3:42:16 PM",$0.00,$0.00,$0.00,$0.00,$0.00,,20.0000
200031185,200033731,Retail,,"Mar 17, 2015 3:44:48 PM",$48.99,$39.99,$9.00,$0.00,$0.00,5UD94854KV597652X,2.0000
200031186,200033733,Retail,,"Mar 17, 2015 6:26:14 PM",$46.99,$39.99,$7.00,$0.00,$0.00,1VH6302808325581N,2.0000
200031187,200033734,Retail,,"Mar 18, 2015 5:54:08 AM",$59.98,$49.98,$10.00,$0.00,$0.00,37F104509S0144708,3.0000
200031188,200033735,Retail,,"Mar 18, 2015 6:56:13 AM",$46.99,$39.99,$7.00,$0.00,$0.00,64E04174BL620121S,2.0000
200031189,200033737,Retail,,"Mar 18, 2015 8:20:08 AM",$46.99,$39.99,$7.00,$0.00,$0.00,1JH42183CX538745B,2.0000
200031190,200033738,Retail,1229,"Mar 18, 2015 9:12:09 AM",$0.00,$0.00,$0.00,$0.00,$0.00,,60.0000
200031191,200033739,Retail,4902,"Mar 18, 2015 9:38:21 AM",$78.97,$69.97,$9.00,$0.00,$0.00,68Y879666A5799318,7.0000
200031192,200033741,Retail,,"Mar 18, 2015 9:59:04 AM",$42.99,$39.99,$7.00,$0.00,$4.00,8WN47391BD5667449,2.0000
200031193,200033742,Retail,,"Mar 18, 2015 11:00:13 AM",$48.99,$39.99,$9.00,$0.00,$0.00,9MU745910F242841K,3.0000
250006869,250007211,Wholesale,1115,"Mar 18, 2015 11:13:02 AM",$320.00,$320.00,$0.00,$0.00,$0.00,,16.0000
250006870,250007212,Wholesale,1115,"Mar 18, 2015 11:13:03 AM",$160.00,$160.00,$0.00,$0.00,$0.00,,8.0000
250006871,250007209,Wholesale,1115,"Mar 18, 2015 11:13:04 AM",$80.00,$80.00,$0.00,$0.00,$0.00,,4.0000
250006872,250007210,Wholesale,1115,"Mar 18, 2015 11:13:04 AM",$240.00,$240.00,$0.00,$0.00,$0.00,,12.0000
250006873,250007206,Wholesale,1115,"Mar 18, 2015 11:13:05 AM",$160.00,$160.00,$0.00,$0.00,$0.00,,8.0000
250006874,250007203,Wholesale,1115,"Mar 18, 2015 11:13:06 AM",$160.00,$160.00,$0.00,$0.00,$0.00,,8.0000
250006875,250007009,Wholesale,850,"Mar 18, 2015 11:13:07 AM","$2,640.00","$2,640.00",$0.00,$0.00,$0.00,,132.0000
250006876,250007007,Wholesale,850,"Mar 18, 2015 11:13:08 AM","$1,280.00","$1,280.00",$0.00,$0.00,$0.00,,64.0000
250006877,250007005,Wholesale,850,"Mar 18, 2015 11:13:09 AM","$1,280.00","$1,280.00",$0.00,$0.00,$0.00,,64.0000
250006878,250006999,Wholesale,850,"Mar 18, 2015 11:13:10 AM","$1,520.00","$1,520.00",$0.00,$0.00,$0.00,,76.0000
200031194,200033743,Retail,,"Mar 18, 2015 2:20:07 PM",$48.99,$39.99,$9.00,$0.00,$0.00,0GC788522X700374M,3.0000
200031195,200033744,Retail,,"Mar 18, 2015 2:43:20 PM",$42.99,$39.99,$7.00,$0.00,$4.00,0CV97267HP7803136,2.0000
200031196,200033745,Retail,4906,"Mar 18, 2015 4:17:11 PM",$0.00,$39.99,$0.00,$0.00,$39.99,,1.0000
200031197,200033746,Retail,,"Mar 18, 2015 4:37:27 PM",$46.99,$39.99,$7.00,$0.00,$0.00,97Y591650R986274F,2.0000
200031198,200033747,Retail,,"Mar 18, 2015 5:33:20 PM",$46.99,$39.99,$7.00,$0.00,$0.00,7CF69260RM410322F,2.0000
200031199,200033748,Retail,,"Mar 18, 2015 9:24:32 PM",$59.98,$49.98,$10.00,$0.00,$0.00,0NE632965E781422U,4.0000
200031200,200033749,Retail,,"Mar 19, 2015 12:55:22 AM",$46.99,$39.99,$7.00,$0.00,$0.00,6L375271SW662653N,2.0000
200031201,200033750,Retail,4907,"Mar 19, 2015 3:24:18 AM",$238.96,$159.96,$79.00,$0.00,$0.00,4BJ560652U7008725,8.0000
200031202,200033751,Retail,4907,"Mar 19, 2015 3:33:19 AM",$183.88,$119.88,$64.00,$0.00,$0.00,0LK07649MH4771515,24.0000
200031203,200033753,Retail,,"Mar 19, 2015 4:58:37 AM",$88.98,$79.98,$9.00,$0.00,$0.00,2SL98185601770451,4.0000
200031204,200033754,Retail,4909,"Mar 19, 2015 7:40:28 AM",$46.99,$39.99,$7.00,$0.00,$0.00,5LE85995AP745690H,3.0000
200031205,200033755,Retail,,"Mar 19, 2015 8:20:58 AM",$46.99,$39.99,$7.00,$0.00,$0.00,8FR43499S35278412,2.0000
250006879,250007258,Wholesale,4718,"Mar 19, 2015 9:18:42 AM",$267.30,$240.00,$27.30,$0.00,$0.00,0GW768863F770152H,15.0000
200031206,200033758,Retail,4911,"Mar 19, 2015 9:25:37 AM",$0.00,$0.00,$0.00,$0.00,$0.00,,2.0000
200031207,200033759,Retail,,"Mar 19, 2015 10:05:54 AM",$46.99,$39.99,$7.00,$0.00,$0.00,9JA484885C053325F,2.0000
200031208,200033760,Retail,4913,"Mar 19, 2015 10:36:45 AM",$0.00,$39.99,$0.00,$0.00,$39.99,,1.0000
200031209,200033761,Retail,,"Mar 19, 2015 10:49:46 AM",$46.99,$39.99,$7.00,$0.00,$0.00,1P0651108P914400D,3.0000
250006880,250007259,Wholesale,1404,"Mar 19, 2015 10:53:25 AM",$170.20,$160.00,$18.20,$0.00,$8.00,3FX3392955739745G,10.0000
200031210,200033762,Retail,,"Mar 19, 2015 10:53:32 AM",$48.99,$39.99,$9.00,$0.00,$0.00,8AF29078HF080021N,2.0000
200031211,200033763,Retail,,"Mar 19, 2015 11:00:37 AM",$57.99,$49.99,$8.00,$0.00,$0.00,1HE69773AC0507224,2.0000
200031212,200033764,Retail,4914,"Mar 19, 2015 12:23:40 PM",$89.98,$49.98,$40.00,$0.00,$0.00,4L125291ED058232D,3.0000
250006881,250007260,Wholesale,4853,"Mar 19, 2015 12:35:25 PM",$170.20,$160.00,$18.20,$0.00,$8.00,1XW40041007977016,10.0000
200031213,200033765,Retail,,"Mar 19, 2015 1:45:46 PM",$46.99,$39.99,$7.00,$0.00,$0.00,6T678836HH9962846,2.0000
200031214,200033766,Retail,,"Mar 19, 2015 1:54:22 PM",$67.97,$59.97,$8.00,$0.00,$0.00,6W963805EV743944B,6.0000
250006882,250007241,Wholesale,1115,"Mar 19, 2015 2:43:57 PM",$80.00,$80.00,$0.00,$0.00,$0.00,,4.0000
250006883,250007240,Wholesale,1115,"Mar 19, 2015 2:43:58 PM",$320.00,$320.00,$0.00,$0.00,$0.00,,16.0000
250006884,250007239,Wholesale,1115,"Mar 19, 2015 2:43:59 PM",$160.00,$160.00,$0.00,$0.00,$0.00,,8.0000
250006885,250007207,Wholesale,1115,"Mar 19, 2015 2:44:00 PM",$80.00,$80.00,$0.00,$0.00,$0.00,,4.0000
250006886,250007205,Wholesale,1115,"Mar 19, 2015 2:44:01 PM","$3,600.00","$3,600.00",$0.00,$0.00,$0.00,,180.0000
250006887,250007204,Wholesale,1115,"Mar 19, 2015 2:44:02 PM","$3,920.00","$3,920.00",$0.00,$0.00,$0.00,,196.0000
250006888,250007141,Wholesale,1115,"Mar 19, 2015 2:44:03 PM",$80.00,$80.00,$0.00,$0.00,$0.00,,4.0000
250006889,250007008,Wholesale,850,"Mar 19, 2015 2:44:04 PM","$1,200.00","$1,200.00",$0.00,$0.00,$0.00,,60.0000
200031215,200033767,Retail,1453,"Mar 19, 2015 2:50:13 PM",$480.00,$480.00,$0.00,$0.00,$0.00,,30.0000
200031216,200033768,Retail,,"Mar 19, 2015 3:08:15 PM",$59.98,$49.98,$10.00,$0.00,$0.00,4WB03333WM336050C,3.0000
200031217,200033769,Retail,,"Mar 19, 2015 4:00:03 PM",$109.98,$79.98,$30.00,$0.00,$0.00,81650948JK340170W,4.0000
200031218,200033770,Retail,1229,"Mar 19, 2015 4:06:52 PM",$0.00,$0.00,$0.00,$0.00,$0.00,,120.0000
200031219,200033771,Retail,,"Mar 19, 2015 6:31:52 PM",$39.99,$39.99,$0.00,$0.00,$0.00,3V6670590Y7416007,3.0000
200031220,200033772,Retail,4916,"Mar 19, 2015 6:48:17 PM",$79.98,$79.98,$0.00,$0.00,$0.00,8V3193160G058013G,4.0000
200031221,200033773,Retail,,"Mar 19, 2015 9:02:53 PM",$39.99,$39.99,$0.00,$0.00,$0.00,0NX00316TF768531Y,2.0000
200031222,200033774,Retail,,"Mar 19, 2015 10:02:17 PM",$53.98,$49.98,$0.00,$4.00,$0.00,5U263291T1366882U,4.0000
200031223,200033775,Retail,4917,"Mar 20, 2015 8:18:36 AM",$39.99,$39.99,$0.00,$0.00,$0.00,0F334211HU292560L,2.0000
250006890,250007265,Wholesale,1813,"Mar 20, 2015 8:21:29 AM",$329.00,$308.00,$36.40,$0.00,$15.40,08C5805305676154T,20.0000
250006891,250007266,Wholesale,3181,"Mar 20, 2015 8:50:42 AM",$170.20,$160.00,$18.20,$0.00,$8.00,9NJ09528FV699494T,10.0000
200031224,200033776,Retail,,"Mar 20, 2015 9:32:18 AM",$43.19,$39.99,$0.00,$3.20,$0.00,7RM70845K14426938,2.0000
200031225,200033777,Retail,,"Mar 20, 2015 9:35:10 AM",$79.98,$79.98,$0.00,$0.00,$0.00,37356117V02475532,4.0000
200031226,200033778,Retail,,"Mar 20, 2015 10:50:38 AM",$49.98,$49.98,$0.00,$0.00,$0.00,5UE94568G7578864C,4.0000
250006892,250007257,Wholesale,1115,"Mar 20, 2015 11:26:40 AM",$80.00,$80.00,$0.00,$0.00,$0.00,,4.0000
250006893,250007252,Wholesale,1115,"Mar 20, 2015 11:26:41 AM",$240.00,$240.00,$0.00,$0.00,$0.00,,12.0000
250006894,250007250,Wholesale,1115,"Mar 20, 2015 11:26:42 AM",$80.00,$80.00,$0.00,$0.00,$0.00,,4.0000
250006895,250007251,Wholesale,1115,"Mar 20, 2015 11:26:43 AM",$240.00,$240.00,$0.00,$0.00,$0.00,,12.0000
250006896,250007249,Wholesale,1115,"Mar 20, 2015 11:26:44 AM",$294.00,$294.00,$0.00,$0.00,$0.00,,24.0000
250006897,250007248,Wholesale,1115,"Mar 20, 2015 11:26:45 AM",$240.00,$240.00,$0.00,$0.00,$0.00,,12.0000
250006898,250007246,Wholesale,1115,"Mar 20, 2015 11:26:46 AM",$240.00,$240.00,$0.00,$0.00,$0.00,,12.0000
250006899,250007247,Wholesale,1115,"Mar 20, 2015 11:26:46 AM",$428.00,$428.00,$0.00,$0.00,$0.00,,40.0000
250006900,250007234,Wholesale,3994,"Mar 20, 2015 11:26:47 AM","$1,280.00","$1,280.00",$0.00,$0.00,$0.00,,64.0000
250006901,250007235,Wholesale,3994,"Mar 20, 2015 11:26:48 AM",$480.00,$480.00,$0.00,$0.00,$0.00,,24.0000
250006902,250007236,Wholesale,3994,"Mar 20, 2015 11:26:49 AM",$480.00,$480.00,$0.00,$0.00,$0.00,,24.0000
250006903,250007231,Wholesale,3994,"Mar 20, 2015 11:26:50 AM",$400.00,$400.00,$0.00,$0.00,$0.00,,20.0000
250006904,250007232,Wholesale,3994,"Mar 20, 2015 11:26:50 AM","$1,120.00","$1,120.00",$0.00,$0.00,$0.00,,56.0000
250006905,250007233,Wholesale,3994,"Mar 20, 2015 11:26:51 AM","$1,520.00","$1,520.00",$0.00,$0.00,$0.00,,76.0000
250006906,250007229,Wholesale,3994,"Mar 20, 2015 11:26:52 AM",$400.00,$400.00,$0.00,$0.00,$0.00,,20.0000
250006907,250007230,Wholesale,3994,"Mar 20, 2015 11:26:53 AM","$1,840.00","$1,840.00",$0.00,$0.00,$0.00,,92.0000
250006908,250007226,Wholesale,3994,"Mar 20, 2015 11:26:54 AM","$1,680.00","$1,680.00",$0.00,$0.00,$0.00,,84.0000
250006909,250007227,Wholesale,3994,"Mar 20, 2015 11:26:55 AM",$560.00,$560.00,$0.00,$0.00,$0.00,,28.0000
250006910,250007228,Wholesale,3994,"Mar 20, 2015 11:26:55 AM",$640.00,$640.00,$0.00,$0.00,$0.00,,32.0000
250006911,250007222,Wholesale,3994,"Mar 20, 2015 11:26:56 AM",$480.00,$480.00,$0.00,$0.00,$0.00,,24.0000
250006912,250007223,Wholesale,3994,"Mar 20, 2015 11:26:57 AM",$320.00,$320.00,$0.00,$0.00,$0.00,,16.0000
250006913,250007224,Wholesale,3994,"Mar 20, 2015 11:26:58 AM",$560.00,$560.00,$0.00,$0.00,$0.00,,28.0000
250006914,250007225,Wholesale,3994,"Mar 20, 2015 11:26:59 AM",$80.00,$80.00,$0.00,$0.00,$0.00,,4.0000
250006915,250007217,Wholesale,3994,"Mar 20, 2015 11:26:59 AM",$160.00,$160.00,$0.00,$0.00,$0.00,,8.0000
250006916,250007218,Wholesale,3994,"Mar 20, 2015 11:27:00 AM",$160.00,$160.00,$0.00,$0.00,$0.00,,8.0000
250006917,250007219,Wholesale,3994,"Mar 20, 2015 11:27:01 AM",$160.00,$160.00,$0.00,$0.00,$0.00,,8.0000
250006918,250007220,Wholesale,3994,"Mar 20, 2015 11:27:02 AM",$320.00,$320.00,$0.00,$0.00,$0.00,,16.0000
250006919,250007221,Wholesale,3994,"Mar 20, 2015 11:27:03 AM",$400.00,$400.00,$0.00,$0.00,$0.00,,20.0000
250006920,250007213,Wholesale,3994,"Mar 20, 2015 11:27:04 AM",$320.00,$320.00,$0.00,$0.00,$0.00,,16.0000
250006921,250007214,Wholesale,3994,"Mar 20, 2015 11:27:05 AM",$320.00,$320.00,$0.00,$0.00,$0.00,,16.0000
250006922,250007215,Wholesale,3994,"Mar 20, 2015 11:27:06 AM",$640.00,$640.00,$0.00,$0.00,$0.00,,32.0000
250006923,250007216,Wholesale,3994,"Mar 20, 2015 11:27:10 AM",$560.00,$560.00,$0.00,$0.00,$0.00,,28.0000
250006924,250006997,Wholesale,850,"Mar 20, 2015 11:27:10 AM",$720.00,$720.00,$0.00,$0.00,$0.00,,36.0000
200031227,200033779,Retail,,"Mar 20, 2015 11:39:23 AM",$39.99,$39.99,$0.00,$0.00,$0.00,4NK50888HU0260410,2.0000
200031228,200033780,Retail,,"Mar 20, 2015 12:24:04 PM",$43.19,$39.99,$0.00,$3.20,$0.00,3SL369566Y3127156,2.0000
200031229,200033781,Retail,4841,"Mar 20, 2015 12:40:54 PM",$49.98,$49.98,$0.00,$0.00,$0.00,19980433BJ333352D,4.0000
200031230,200033782,Retail,,"Mar 20, 2015 1:58:26 PM",$39.99,$39.99,$0.00,$0.00,$0.00,8LN93169DW2575011,2.0000
200031231,200033783,Retail,,"Mar 20, 2015 2:02:48 PM",$39.99,$39.99,$0.00,$0.00,$0.00,2JK89592FT926550Y,2.0000
200031232,200033784,Retail,,"Mar 20, 2015 2:22:49 PM",$39.99,$39.99,$0.00,$0.00,$0.00,0W474113T60131335,2.0000
200031233,200033785,Retail,4919,"Mar 20, 2015 2:52:03 PM",$0.00,$39.99,$0.00,$0.00,$39.99,,1.0000
200031234,200033786,Retail,,"Mar 20, 2015 3:23:54 PM",$79.98,$79.98,$0.00,$0.00,$0.00,75L929441T0744401,4.0000
200031235,200033787,Retail,,"Mar 20, 2015 3:36:12 PM",$39.99,$39.99,$0.00,$0.00,$0.00,84921565EW7870714,2.0000
200031236,200033788,Retail,,"Mar 20, 2015 3:42:22 PM",$35.99,$39.99,$0.00,$0.00,$4.00,4U598095WV492893Y,2.0000
200031237,200033789,Retail,,"Mar 20, 2015 4:03:14 PM",$35.99,$39.99,$0.00,$0.00,$4.00,7M614515D00998533,2.0000
200031238,200033790,Retail,,"Mar 20, 2015 6:23:54 PM",$43.19,$39.99,$0.00,$3.20,$0.00,8TE99389C2796331X,2.0000
200031239,200033791,Retail,,"Mar 20, 2015 6:45:32 PM",$35.99,$39.99,$0.00,$0.00,$4.00,1SP948491L913803V,2.0000
200031240,200033792,Retail,,"Mar 20, 2015 6:54:47 PM",$39.99,$39.99,$0.00,$0.00,$0.00,3AD82892A9605511U,2.0000
200031241,200033793,Retail,4920,"Mar 20, 2015 7:04:05 PM",$39.99,$39.99,$0.00,$0.00,$0.00,3XA10343BY7214607,2.0000
200031242,200033794,Retail,,"Mar 20, 2015 7:58:58 PM",$39.99,$39.99,$0.00,$0.00,$0.00,6F2945408H915641B,2.0000
200031243,200033795,Retail,,"Mar 21, 2015 6:04:52 AM",$39.99,$39.99,$0.00,$0.00,$0.00,4K1271665Y7066206,2.0000
200031244,200033796,Retail,,"Mar 21, 2015 6:44:00 AM",$39.99,$39.99,$0.00,$0.00,$0.00,8K9513777R0069621,3.0000
200031245,200033797,Retail,4921,"Mar 21, 2015 6:44:41 AM",$39.99,$39.99,$0.00,$0.00,$0.00,5SA9830587128145B,2.0000
200031246,200033798,Retail,,"Mar 21, 2015 7:28:24 AM",$39.99,$39.99,$0.00,$0.00,$0.00,40U92987F74969614,2.0000
200031247,200033799,Retail,,"Mar 21, 2015 8:27:34 AM",$39.99,$39.99,$0.00,$0.00,$0.00,1VG320067T855224W,2.0000
200031248,200033800,Retail,,"Mar 21, 2015 8:52:16 AM",$49.98,$49.98,$0.00,$0.00,$0.00,6U518873KH8149922,4.0000
200031249,200033801,Retail,4922,"Mar 21, 2015 9:25:24 AM",$39.99,$39.99,$0.00,$0.00,$0.00,5D374641GD100115K,2.0000
200031250,200033802,Retail,,"Mar 21, 2015 11:51:17 AM",$43.19,$39.99,$0.00,$3.20,$0.00,43H36166WF318814C,2.0000
200031251,200033803,Retail,,"Mar 21, 2015 12:00:27 PM",$97.38,$79.98,$11.00,$6.40,$0.00,75E18988414606322,4.0000
200031252,200033804,Retail,,"Mar 21, 2015 12:00:35 PM",$39.99,$39.99,$0.00,$0.00,$0.00,7V100071A4332222S,2.0000
200031253,200033805,Retail,,"Mar 21, 2015 12:57:14 PM",$39.99,$39.99,$0.00,$0.00,$0.00,0JL25827SL019270U,2.0000
200031254,200033806,Retail,,"Mar 21, 2015 12:59:55 PM",$39.99,$39.99,$0.00,$0.00,$0.00,51H18017W3245391E,2.0000
200031255,200033807,Retail,,"Mar 21, 2015 1:21:58 PM",$107.98,$99.98,$0.00,$8.00,$0.00,65H600996U511044V,6.0000
200031256,200033808,Retail,,"Mar 21, 2015 1:48:52 PM",$39.99,$39.99,$0.00,$0.00,$0.00,5KA89816393739807,3.0000
200031257,200033810,Retail,,"Mar 21, 2015 3:22:12 PM",$53.98,$49.98,$0.00,$4.00,$0.00,7SL543846E177374A,4.0000
200031258,200033809,Retail,,"Mar 21, 2015 3:26:05 PM",$39.99,$39.99,$0.00,$0.00,$0.00,4EU960014J543503D,1.0000
200031259,200033811,Retail,,"Mar 21, 2015 4:45:08 PM",$39.99,$39.99,$0.00,$0.00,$0.00,3GH11118VP955141D,2.0000
200031260,200033812,Retail,,"Mar 21, 2015 5:23:36 PM",$39.99,$39.99,$0.00,$0.00,$0.00,2W758927L1805202R,2.0000
200031261,200033813,Retail,,"Mar 21, 2015 6:23:31 PM",$43.19,$39.99,$0.00,$3.20,$0.00,4MM048590B9582206,3.0000
200031262,200033814,Retail,4795,"Mar 21, 2015 7:09:29 PM",$39.99,$39.99,$0.00,$0.00,$0.00,4PT7878834884791G,2.0000
200031263,200033815,Retail,,"Mar 21, 2015 7:57:34 PM",$39.99,$39.99,$0.00,$0.00,$0.00,2UJ99502KF225614P,2.0000
200031264,200033816,Retail,,"Mar 21, 2015 8:16:28 PM",$39.99,$39.99,$0.00,$0.00,$0.00,3BD90805JG5158405,2.0000
250006925,250007267,Wholesale,4553,"Mar 21, 2015 8:44:24 PM",$255.30,$228.00,$27.30,$0.00,$0.00,6U5742812U4429243,15.0000
200031265,200033818,Retail,,"Mar 21, 2015 11:28:27 PM",$39.99,$39.99,$0.00,$0.00,$0.00,29C2815211939124W,2.0000
200031266,200033819,Retail,,"Mar 22, 2015 1:47:04 AM",$59.97,$59.97,$0.00,$0.00,$0.00,6RX05574B0503271D,7.0000
200031267,200033820,Retail,4921,"Mar 22, 2015 6:16:36 AM",$9.99,$9.99,$0.00,$0.00,$0.00,7SR83064WS982684E,2.0000
200031268,200033821,Retail,,"Mar 22, 2015 7:08:41 AM",$35.99,$39.99,$0.00,$0.00,$4.00,3357200249654653L,2.0000
200031269,200033822,Retail,,"Mar 22, 2015 8:04:08 AM",$49.98,$49.98,$0.00,$0.00,$0.00,6HE25387JG1948206,3.0000
200031270,200033823,Retail,,"Mar 22, 2015 11:03:57 AM",$39.99,$39.99,$0.00,$0.00,$0.00,09407864FG993713F,2.0000
200031271,200033824,Retail,,"Mar 22, 2015 11:24:42 AM",$52.19,$39.99,$9.00,$3.20,$0.00,06D88429J66493534,2.0000
200031272,200033825,Retail,,"Mar 22, 2015 11:50:50 AM",$35.99,$39.99,$0.00,$0.00,$4.00,21L76326W9072982W,3.0000
200031273,200033826,Retail,,"Mar 22, 2015 11:54:57 AM",$39.99,$39.99,$0.00,$0.00,$0.00,9TM01959JV583123S,2.0000
200031274,200033827,Retail,,"Mar 22, 2015 12:58:06 PM",$49.98,$49.98,$0.00,$0.00,$0.00,88458297M5341932K,4.0000
200031275,200033829,Retail,,"Mar 22, 2015 2:09:07 PM",$39.99,$39.99,$0.00,$0.00,$0.00,10V41396RF613240V,2.0000
200031276,200033830,Retail,,"Mar 22, 2015 2:13:09 PM",$39.99,$39.99,$0.00,$0.00,$0.00,2CW28788462358318,2.0000
200031277,200033831,Retail,,"Mar 22, 2015 2:28:27 PM",$48.99,$39.99,$9.00,$0.00,$0.00,4E40329821401744R,2.0000
200031278,200033832,Retail,,"Mar 22, 2015 2:50:22 PM",$39.99,$39.99,$0.00,$0.00,$0.00,2LB38711FR1595131,2.0000
200031279,200033833,Retail,,"Mar 22, 2015 3:04:25 PM",$39.99,$39.99,$0.00,$0.00,$0.00,6U8402448B112682W,2.0000
200031280,200033834,Retail,,"Mar 22, 2015 4:16:57 PM",$39.99,$39.99,$0.00,$0.00,$0.00,8KL01747FH334583F,3.0000
200031281,200033835,Retail,,"Mar 22, 2015 6:16:34 PM",$39.99,$39.99,$0.00,$0.00,$0.00,61Y489862H602435U,2.0000
200031282,200033836,Retail,,"Mar 22, 2015 7:03:53 PM",$39.99,$39.99,$0.00,$0.00,$0.00,07325615SK8469747,2.0000
200031283,200033837,Retail,,"Mar 22, 2015 7:31:27 PM",$48.99,$39.99,$9.00,$0.00,$0.00,67U49402378411731,2.0000
200031284,200033838,Retail,,"Mar 22, 2015 7:35:05 PM",$39.99,$39.99,$0.00,$0.00,$0.00,0NX207401W674550M,2.0000
200031285,200033839,Retail,4924,"Mar 22, 2015 7:58:43 PM",$38.87,$39.99,$0.00,$2.88,$4.00,6CH09393FH169044W,2.0000
200031286,200033840,Retail,,"Mar 22, 2015 8:05:15 PM",$35.99,$39.99,$0.00,$0.00,$4.00,25J59307MC734672P,2.0000
200031287,200033842,Retail,,"Mar 22, 2015 8:49:38 PM",$39.99,$39.99,$0.00,$0.00,$0.00,0PY025905U176192G,2.0000
200031288,200033843,Retail,,"Mar 22, 2015 8:55:23 PM",$39.99,$39.99,$0.00,$0.00,$0.00,10913847ML790321S,2.0000
200031289,200033844,Retail,,"Mar 22, 2015 9:06:37 PM",$39.99,$39.99,$0.00,$0.00,$0.00,4X188941DT845600N,2.0000
200031290,200033845,Retail,,"Mar 22, 2015 9:34:36 PM",$39.99,$39.99,$0.00,$0.00,$0.00,7TK57618P4954925M,2.0000
200031291,200033846,Retail,,"Mar 23, 2015 7:30:31 AM",$39.99,$39.99,$0.00,$0.00,$0.00,2GB2064565101815L,2.0000
250006926,250007268,Wholesale,4634,"Mar 23, 2015 9:41:27 AM",$522.60,$468.00,$54.60,$0.00,$0.00,7R027273RK608150J,30.0000
200031292,200033847,Retail,,"Mar 23, 2015 10:26:54 AM",$53.99,$59.99,$0.00,$0.00,$6.00,5C955333SS2089428,4.0000
200031293,200033848,Retail,,"Mar 23, 2015 11:43:30 AM",$59.99,$59.99,$0.00,$0.00,$0.00,6NW92349DG640704W,5.0000
200031294,200033849,Retail,,"Mar 23, 2015 12:27:18 PM",$39.99,$39.99,$0.00,$0.00,$0.00,2H899589VS072430X,1.0000
200031295,200033850,Retail,,"Mar 23, 2015 12:28:57 PM",$44.98,$49.98,$0.00,$0.00,$5.00,6M360941YY5531941,4.0000
200031296,200033851,Retail,,"Mar 23, 2015 12:32:53 PM",$39.99,$39.99,$0.00,$0.00,$0.00,10V62666C7068964S,2.0000
250006927,250007271,Wholesale,855,"Mar 23, 2015 1:52:14 PM",$324.40,$288.00,$36.40,$0.00,$0.00,54D50948R2587733H,20.0000
200031297,200033852,Retail,,"Mar 23, 2015 2:28:03 PM",$64.79,$59.99,$0.00,$4.80,$0.00,2LB93064NV216235R,5.0000
200031298,200033853,Retail,473,"Mar 23, 2015 3:43:03 PM",$43.20,$40.00,$0.00,$3.20,$0.00,9M414772UE128722T,2.0000
250006928,250007238,Wholesale,3994,"Mar 23, 2015 4:29:10 PM",$640.00,$640.00,$0.00,$0.00,$0.00,,32.0000
250006929,250007237,Wholesale,3994,"Mar 23, 2015 4:29:11 PM","$1,680.00","$1,680.00",$0.00,$0.00,$0.00,,84.0000
250006930,250007245,Wholesale,1115,"Mar 23, 2015 4:29:12 PM",$320.00,$320.00,$0.00,$0.00,$0.00,,16.0000
200031299,200033854,Retail,,"Mar 23, 2015 5:11:55 PM",$38.87,$39.99,$0.00,$2.88,$4.00,9F3766379S8160922,2.0000
200031300,200033855,Retail,,"Mar 23, 2015 6:21:53 PM",$39.99,$39.99,$0.00,$0.00,$0.00,16W91172SB776512N,2.0000
200031301,200033856,Retail,,"Mar 23, 2015 6:29:02 PM",$39.99,$39.99,$0.00,$0.00,$0.00,0T201314US341830N,3.0000
200031302,200033857,Retail,,"Mar 23, 2015 7:15:17 PM",$39.99,$39.99,$0.00,$0.00,$0.00,7HP70956CH956170U,2.0000
200031303,200033858,Retail,,"Mar 23, 2015 7:29:13 PM",$43.19,$39.99,$0.00,$3.20,$0.00,5PG51362KH7569518,2.0000
200031304,200033859,Retail,,"Mar 23, 2015 7:43:21 PM",$39.99,$39.99,$0.00,$0.00,$0.00,96D687597U2462531,3.0000
200031305,200033860,Retail,,"Mar 23, 2015 7:57:06 PM",$39.99,$39.99,$0.00,$0.00,$0.00,20374954GB790152J,2.0000
200031306,200033861,Retail,,"Mar 23, 2015 8:37:22 PM",$59.98,$49.98,$10.00,$0.00,$0.00,5DR64710SU075202U,4.0000
200031307,200033862,Retail,,"Mar 23, 2015 9:57:27 PM",$39.99,$39.99,$0.00,$0.00,$0.00,0JG380672M4828543,1.0000
200031308,200033864,Retail,,"Mar 24, 2015 6:02:20 AM",$39.99,$39.99,$0.00,$0.00,$0.00,5TC76925AV232605L,2.0000
250006931,250007298,Wholesale,914,"Mar 24, 2015 6:29:03 AM",$255.30,$240.00,$27.30,$0.00,$12.00,5HR657074L228722W,15.0000
200031309,200033865,Retail,,"Mar 24, 2015 6:48:13 AM",$39.99,$39.99,$0.00,$0.00,$0.00,57070949XU183932D,2.0000
200031310,200033866,Retail,4928,"Mar 24, 2015 8:18:04 AM",$111.96,$99.96,$12.00,$0.00,$0.00,42U96422294919903,6.0000
200031311,200033867,Retail,,"Mar 24, 2015 8:19:02 AM",$39.99,$39.99,$0.00,$0.00,$0.00,2BC421448T8208914,2.0000
200031312,200033870,Retail,,"Mar 24, 2015 9:08:07 AM",$59.99,$59.99,$0.00,$0.00,$0.00,3AE35809Y5060843H,4.0000
250006932,250007299,Wholesale,1324,"Mar 24, 2015 9:12:14 AM",$152.00,$160.00,$0.00,$0.00,$8.00,8VR52971EG2225350,10.0000
200031313,200033871,Retail,,"Mar 24, 2015 9:35:27 AM",$74.99,$39.99,$35.00,$0.00,$0.00,70N48748W96809529,2.0000
250006933,250007269,Wholesale,1115,"Mar 24, 2015 9:44:01 AM",$240.00,$240.00,$0.00,$0.00,$0.00,,12.0000
250006934,250007270,Wholesale,1115,"Mar 24, 2015 9:44:02 AM",$80.00,$80.00,$0.00,$0.00,$0.00,,4.0000
250006935,250007263,Wholesale,1115,"Mar 24, 2015 9:44:03 AM",$80.00,$80.00,$0.00,$0.00,$0.00,,4.0000
250006936,250007264,Wholesale,1115,"Mar 24, 2015 9:44:04 AM",$80.00,$80.00,$0.00,$0.00,$0.00,,4.0000
250006937,250007261,Wholesale,1115,"Mar 24, 2015 9:44:05 AM",$240.00,$240.00,$0.00,$0.00,$0.00,,12.0000
250006938,250007262,Wholesale,1115,"Mar 24, 2015 9:44:06 AM",$80.00,$80.00,$0.00,$0.00,$0.00,,4.0000
250006939,250007139,Wholesale,1115,"Mar 24, 2015 9:44:08 AM",$160.00,$160.00,$0.00,$0.00,$0.00,,8.0000
200031314,200033872,Retail,,"Mar 24, 2015 10:30:06 AM",$19.98,$19.98,$0.00,$0.00,$0.00,5E3170569C517035K,4.0000
200031315,200033873,Retail,,"Mar 24, 2015 10:50:56 AM",$39.99,$39.99,$0.00,$0.00,$0.00,9G024406B1187273E,2.0000
200031316,200033874,Retail,,"Mar 24, 2015 11:08:53 AM",$9.99,$9.99,$0.00,$0.00,$0.00,94K88349FX160750U,1.0000
200031317,200033875,Retail,,"Mar 24, 2015 12:55:17 PM",$39.99,$39.99,$0.00,$0.00,$0.00,2BJ67946X6297572G,3.0000
200031318,200033876,Retail,1229,"Mar 24, 2015 1:10:15 PM",$0.00,$0.00,$0.00,$0.00,$0.00,,20.0000
200031319,200033877,Retail,,"Mar 24, 2015 1:50:28 PM",$39.99,$39.99,$0.00,$0.00,$0.00,593632685K523145Y,2.0000
200031320,200033878,Retail,,"Mar 24, 2015 3:32:17 PM",$39.99,$39.99,$0.00,$0.00,$0.00,9JT71074RL119873M,2.0000
200031321,200033879,Retail,,"Mar 24, 2015 4:06:02 PM",$39.99,$39.99,$0.00,$0.00,$0.00,9RE80427YE450590M,2.0000
200031322,200033880,Retail,,"Mar 24, 2015 5:31:03 PM",$39.99,$39.99,$0.00,$0.00,$0.00,4UM51483CC161254N,2.0000
200031323,200033881,Retail,,"Mar 24, 2015 5:40:48 PM",$39.99,$39.99,$0.00,$0.00,$0.00,78X44584TK4159604,2.0000
200031324,200033882,Retail,4930,"Mar 24, 2015 6:19:21 PM",$38.87,$39.99,$0.00,$2.88,$4.00,2LG40299NL965723E,2.0000
200031325,200033883,Retail,,"Mar 24, 2015 6:38:59 PM",$39.99,$39.99,$0.00,$0.00,$0.00,10283259WY043515U,1.0000
200031326,200033884,Retail,,"Mar 24, 2015 7:29:38 PM",$39.99,$39.99,$0.00,$0.00,$0.00,37W62507GS8960707,2.0000
200031327,200033885,Retail,,"Mar 24, 2015 7:48:27 PM",$44.98,$49.98,$0.00,$0.00,$5.00,51637465H5414782P,4.0000
200031328,200033886,Retail,,"Mar 24, 2015 7:49:04 PM",$39.99,$39.99,$0.00,$0.00,$0.00,37972418SH4770432,2.0000
200031329,200033887,Retail,4932,"Mar 25, 2015 1:41:47 AM",$103.98,$49.98,$54.00,$0.00,$0.00,3SM40997JM542522J,4.0000
200031330,200033888,Retail,,"Mar 25, 2015 2:23:38 AM",$39.99,$39.99,$0.00,$0.00,$0.00,2J6187060B205140G,2.0000
200031331,200033889,Retail,,"Mar 25, 2015 4:09:59 AM",$39.99,$39.99,$0.00,$0.00,$0.00,1H649482FL5424642,2.0000
200031332,200033890,Retail,,"Mar 25, 2015 9:18:26 AM",$39.99,$39.99,$0.00,$0.00,$0.00,9UF474158N478621C,2.0000
200031333,200033891,Retail,,"Mar 25, 2015 9:35:48 AM",$39.99,$39.99,$0.00,$0.00,$0.00,6YP251599V791905P,2.0000
200031334,200033892,Retail,,"Mar 25, 2015 10:09:41 AM",$39.99,$39.99,$0.00,$0.00,$0.00,1S5482111F381630H,2.0000
200031335,200033893,Retail,1229,"Mar 25, 2015 10:24:19 AM",$0.00,$0.00,$0.00,$0.00,$0.00,,12.0000
250006940,250007304,Wholesale,4150,"Mar 25, 2015 10:45:39 AM",$170.20,$160.00,$18.20,$0.00,$8.00,9X305211PC3617829,10.0000
200031336,200033894,Retail,1229,"Mar 25, 2015 11:27:55 AM",$0.00,$0.00,$0.00,$0.00,$0.00,,12.0000
250006941,250007305,Wholesale,2292,"Mar 25, 2015 11:53:27 AM",$142.90,$134.00,$15.60,$0.00,$6.70,7K468164J26227721,18.0000
250006942,250007306,Wholesale,1850,"Mar 25, 2015 11:54:44 AM",$158.80,$148.00,$18.20,$0.00,$7.40,1XN85605BB097530R,10.0000
200031337,200033895,Retail,,"Mar 25, 2015 12:38:09 PM",$39.99,$39.99,$0.00,$0.00,$0.00,7W273491JW6693931,2.0000
200031338,200033896,Retail,,"Mar 25, 2015 1:28:25 PM",$39.99,$39.99,$0.00,$0.00,$0.00,7TS57591UY758411A,2.0000
250006943,250007307,Wholesale,4718,"Mar 25, 2015 1:35:10 PM",$0.00,$0.00,$0.00,$0.00,$0.00,,1.0000
200031339,200033898,Retail,4933,"Mar 25, 2015 3:14:28 PM",$89.99,$59.99,$30.00,$0.00,$0.00,5GT197245A122142T,4.0000
200031340,200033899,Retail,,"Mar 25, 2015 3:49:47 PM",$39.99,$39.99,$0.00,$0.00,$0.00,5XF13333Y2611232E,2.0000
200031341,200033900,Retail,4934,"Mar 25, 2015 4:41:10 PM",$39.99,$39.99,$0.00,$0.00,$0.00,8NY90082D2324832R,1.0000
200031342,200033901,Retail,,"Mar 25, 2015 5:22:40 PM",$39.99,$39.99,$0.00,$0.00,$0.00,2YN896023E6943006,2.0000
200031343,200033902,Retail,,"Mar 25, 2015 5:33:01 PM",$39.99,$39.99,$0.00,$0.00,$0.00,6TX22528MH7159037,2.0000
200031344,200033903,Retail,,"Mar 25, 2015 8:16:08 PM",$39.99,$39.99,$0.00,$0.00,$0.00,05D1407744556903R,3.0000
200031345,200033904,Retail,,"Mar 25, 2015 8:42:30 PM",$119.98,$119.98,$0.00,$0.00,$0.00,5N675369CP177460P,8.0000
200031346,200033906,Retail,,"Mar 26, 2015 8:09:01 AM",$53.99,$59.99,$0.00,$0.00,$6.00,2CM24090PL551433P,4.0000
250006944,250007302,Wholesale,1115,"Mar 26, 2015 9:01:07 AM",$80.00,$80.00,$0.00,$0.00,$0.00,,4.0000
250006945,250007303,Wholesale,1115,"Mar 26, 2015 9:01:08 AM",$320.00,$320.00,$0.00,$0.00,$0.00,,16.0000
250006946,250007301,Wholesale,1115,"Mar 26, 2015 9:01:09 AM",$160.00,$160.00,$0.00,$0.00,$0.00,,8.0000
250006947,250007300,Wholesale,1115,"Mar 26, 2015 9:01:10 AM",$160.00,$160.00,$0.00,$0.00,$0.00,,8.0000
250006948,250007256,Wholesale,1115,"Mar 26, 2015 9:01:10 AM","$1,894.00","$1,894.00",$0.00,$0.00,$0.00,,104.0000
250006949,250007255,Wholesale,1115,"Mar 26, 2015 9:01:11 AM","$2,214.00","$2,214.00",$0.00,$0.00,$0.00,,120.0000
250006950,250007150,Wholesale,850,"Mar 26, 2015 9:01:12 AM","$2,960.00","$2,960.00",$0.00,$0.00,$0.00,,148.0000
250006951,250007148,Wholesale,850,"Mar 26, 2015 9:01:13 AM","$7,520.00","$7,520.00",$0.00,$0.00,$0.00,,376.0000
250006952,250007147,Wholesale,850,"Mar 26, 2015 9:01:14 AM","$2,400.00","$2,400.00",$0.00,$0.00,$0.00,,120.0000
250006953,250007006,Wholesale,850,"Mar 26, 2015 9:01:15 AM",$320.00,$320.00,$0.00,$0.00,$0.00,,16.0000
200031347,200033907,Retail,,"Mar 26, 2015 10:05:49 AM",$39.99,$39.99,$0.00,$0.00,$0.00,8CJ937595C985503U,2.0000
200031348,200033909,Retail,,"Mar 26, 2015 10:14:40 AM",$39.99,$39.99,$0.00,$0.00,$0.00,30B40225NT2035718,1.0000
200031349,200033910,Retail,,"Mar 26, 2015 10:16:12 AM",$39.99,$39.99,$0.00,$0.00,$0.00,4JG66546AR643662Y,2.0000
200031350,200033911,Retail,,"Mar 26, 2015 10:52:14 AM",$49.98,$49.98,$0.00,$0.00,$0.00,3KE94920P50510101,4.0000
200031351,200033912,Retail,1229,"Mar 26, 2015 11:31:35 AM",$0.00,$0.00,$0.00,$0.00,$0.00,,20.0000
200031352,200033913,Retail,,"Mar 26, 2015 11:50:22 AM",$59.99,$59.99,$0.00,$0.00,$0.00,1DG97858P54273410,5.0000
200031353,200033914,Retail,,"Mar 26, 2015 11:58:33 AM",$59.99,$39.99,$20.00,$0.00,$0.00,3G679726813666713,2.0000
200031354,200033915,Retail,,"Mar 26, 2015 1:56:26 PM",$89.97,$99.96,$0.00,$0.00,$9.99,95A141550S868604S,8.0000
200031355,200033916,Retail,,"Mar 26, 2015 2:23:45 PM",$43.19,$39.99,$0.00,$3.20,$0.00,3XX97590VE600335A,2.0000
200031356,200033917,Retail,,"Mar 26, 2015 3:02:33 PM",$39.99,$39.99,$0.00,$0.00,$0.00,32M38325C0683351F,2.0000
200031357,200033919,Retail,,"Mar 26, 2015 4:47:54 PM",$39.99,$39.99,$0.00,$0.00,$0.00,00C95776RL388684C,3.0000
200031358,200033920,Retail,,"Mar 26, 2015 5:07:08 PM",$9.99,$9.99,$0.00,$0.00,$0.00,2AD24833KB3938707,2.0000
200031359,200033921,Retail,,"Mar 26, 2015 6:29:48 PM",$39.99,$39.99,$0.00,$0.00,$0.00,37U57735J9165540B,2.0000
200031360,200033924,Retail,4937,"Mar 27, 2015 1:16:18 AM",$53.98,$49.98,$0.00,$4.00,$0.00,8UN09941C5864881D,4.0000
200031361,200033925,Retail,,"Mar 27, 2015 3:22:43 AM",$74.99,$39.99,$35.00,$0.00,$0.00,1E8682728J860401U,3.0000
200031362,200033926,Retail,,"Mar 27, 2015 8:08:34 AM",$49.98,$49.98,$0.00,$0.00,$0.00,9XW480802D577921E,3.0000
200031363,200033927,Retail,,"Mar 27, 2015 8:51:23 AM",$39.99,$39.99,$0.00,$0.00,$0.00,8WD86445WF546073H,2.0000
200031364,200033928,Retail,,"Mar 27, 2015 8:59:25 AM",$39.99,$39.99,$0.00,$0.00,$0.00,4GJ15728U2984803N,1.0000
200031365,200033929,Retail,,"Mar 27, 2015 9:02:21 AM",$39.99,$39.99,$0.00,$0.00,$0.00,90H83881EJ892014L,3.0000
200031366,200033930,Retail,,"Mar 27, 2015 9:59:04 AM",$48.99,$39.99,$9.00,$0.00,$0.00,9AE38250YU311673F,3.0000
200031367,200033931,Retail,,"Mar 27, 2015 11:02:59 AM",$39.99,$39.99,$0.00,$0.00,$0.00,5J250209LC898032B,2.0000
200031368,200033933,Retail,4939,"Mar 27, 2015 2:57:56 PM",$0.00,$39.99,$0.00,$0.00,$39.99,,1.0000
200031369,200033934,Retail,,"Mar 27, 2015 3:16:21 PM",$59.99,$39.99,$20.00,$0.00,$0.00,2LA339842Y514444C,3.0000
200031370,200033935,Retail,,"Mar 27, 2015 3:45:11 PM",$53.98,$49.98,$0.00,$4.00,$0.00,1BR84500CA342013J,4.0000
200031371,200033936,Retail,4940,"Mar 27, 2015 4:08:11 PM",$0.00,$39.99,$0.00,$0.00,$39.99,,1.0000
200031372,200033937,Retail,,"Mar 27, 2015 4:35:40 PM",$49.98,$49.98,$0.00,$0.00,$0.00,2BU4370337203074Y,4.0000
200031373,200033938,Retail,,"Mar 27, 2015 5:18:21 PM",$39.99,$39.99,$0.00,$0.00,$0.00,4U710905XR0410949,3.0000
200031374,200033939,Retail,,"Mar 27, 2015 6:08:34 PM",$39.99,$39.99,$0.00,$0.00,$0.00,9DC94871WV669911C,2.0000
200031375,200033940,Retail,,"Mar 27, 2015 6:17:30 PM",$39.99,$39.99,$0.00,$0.00,$0.00,0TJ519714N865645X,3.0000
200031376,200033942,Retail,,"Mar 27, 2015 7:56:57 PM",$39.99,$39.99,$0.00,$0.00,$0.00,5U4740275L162603B,2.0000
200031377,200033943,Retail,,"Mar 27, 2015 8:05:10 PM",$59.97,$59.97,$0.00,$0.00,$0.00,9KA562952L346273N,6.0000
200031378,200033944,Retail,,"Mar 27, 2015 8:14:21 PM",$39.99,$39.99,$0.00,$0.00,$0.00,7G30994822195843K,2.0000
200031379,200033945,Retail,,"Mar 27, 2015 9:01:03 PM",$43.19,$39.99,$0.00,$3.20,$0.00,40250237VT282222G,2.0000
200031380,200033946,Retail,,"Mar 27, 2015 9:33:17 PM",$48.99,$39.99,$9.00,$0.00,$0.00,8H77144549646094K,2.0000
200031381,200033947,Retail,,"Mar 28, 2015 4:42:20 AM",$48.99,$39.99,$9.00,$0.00,$0.00,3EF96152YL9868744,2.0000
200031382,200033948,Retail,,"Mar 28, 2015 5:20:44 AM",$39.99,$39.99,$0.00,$0.00,$0.00,5PX0275301163405R,2.0000
200031383,200033949,Retail,,"Mar 28, 2015 7:10:45 AM",$59.99,$59.99,$0.00,$0.00,$0.00,67N93066JE445980C,5.0000
200031384,200033950,Retail,,"Mar 28, 2015 11:02:22 AM",$84.97,$59.97,$25.00,$0.00,$0.00,2V3579365X0123940,6.0000
200031385,200033951,Retail,,"Mar 28, 2015 12:42:34 PM",$39.99,$39.99,$0.00,$0.00,$0.00,0UL21726PU0235314,3.0000
200031386,200033952,Retail,,"Mar 28, 2015 12:59:19 PM",$35.99,$39.99,$0.00,$0.00,$4.00,8GD39304HP0343111,2.0000
200031387,200033954,Retail,,"Mar 28, 2015 3:07:13 PM",$39.99,$39.99,$0.00,$0.00,$0.00,8WE736704H519071E,2.0000
200031388,200033953,Retail,,"Mar 28, 2015 3:07:56 PM",$59.99,$59.99,$0.00,$0.00,$0.00,1V247284FM369261M,4.0000
200031389,200033955,Retail,,"Mar 28, 2015 4:00:06 PM",$39.99,$39.99,$0.00,$0.00,$0.00,3TD40935KC203733B,2.0000
200031390,200033956,Retail,,"Mar 28, 2015 4:09:50 PM",$59.99,$59.99,$0.00,$0.00,$0.00,1XL798928L603352A,4.0000
200031391,200033958,Retail,,"Mar 28, 2015 9:10:34 PM",$74.98,$49.98,$25.00,$0.00,$0.00,27741615LP1048519,4.0000
200031392,200033959,Retail,,"Mar 29, 2015 12:13:14 AM",$39.99,$39.99,$0.00,$0.00,$0.00,9MS5228949502190F,2.0000
200031393,200033960,Retail,,"Mar 29, 2015 5:22:40 AM",$39.99,$39.99,$0.00,$0.00,$0.00,2X9673511W8733250,2.0000
200031394,200033961,Retail,,"Mar 29, 2015 7:29:33 AM",$43.19,$39.99,$0.00,$3.20,$0.00,5M583633CL038492J,2.0000
200031395,200033962,Retail,4942,"Mar 29, 2015 9:03:05 AM",$35.99,$39.99,$0.00,$0.00,$4.00,91Y14415HH135540L,3.0000
200031396,200033963,Retail,4943,"Mar 29, 2015 9:38:37 AM",$119.97,$119.97,$0.00,$0.00,$0.00,5RM84289WY9629628,6.0000
200031397,200033964,Retail,,"Mar 29, 2015 4:27:34 PM",$39.99,$39.99,$0.00,$0.00,$0.00,1HN29586B46627818,2.0000
200031398,200033965,Retail,,"Mar 29, 2015 6:01:44 PM",$69.99,$59.99,$10.00,$0.00,$0.00,8RS00128B82772638,4.0000
200031399,200033966,Retail,4944,"Mar 29, 2015 6:03:49 PM",$38.87,$39.99,$0.00,$2.88,$4.00,79M181230X2121543,2.0000
200031400,200033967,Retail,,"Mar 29, 2015 7:26:48 PM",$48.99,$39.99,$9.00,$0.00,$0.00,8SX087888U960924R,2.0000
200031401,200033968,Retail,,"Mar 29, 2015 7:27:16 PM",$39.99,$39.99,$0.00,$0.00,$0.00,09R46615RV730793H,2.0000
200031402,200033969,Retail,,"Mar 29, 2015 7:30:19 PM",$49.98,$49.98,$0.00,$0.00,$0.00,4XU90506068983315,4.0000
200031403,200033970,Retail,,"Mar 29, 2015 9:25:29 PM",$48.99,$39.99,$9.00,$0.00,$0.00,3YY87149F9839421F,2.0000
200031404,200033971,Retail,,"Mar 29, 2015 10:08:26 PM",$59.97,$59.97,$0.00,$0.00,$0.00,3W2836983X094901J,6.0000
200031405,200033973,Retail,4946,"Mar 30, 2015 1:11:52 AM",$47.99,$39.99,$8.00,$0.00,$0.00,9B1119566M8454207,2.0000
250006954,250007315,Wholesale,3202,"Mar 30, 2015 6:24:48 AM",$255.30,$240.00,$27.30,$0.00,$12.00,0EN89832AY504740W,15.0000
250006955,250007316,Wholesale,3202,"Mar 30, 2015 6:51:11 AM",$0.00,$0.00,$0.00,$0.00,$0.00,,1.0000
200031406,200033974,Retail,,"Mar 30, 2015 9:51:44 AM",$39.99,$39.99,$0.00,$0.00,$0.00,5GX75215W3428021S,3.0000
250006956,250007318,Wholesale,1115,"Mar 30, 2015 10:05:04 AM","$1,280.00","$1,280.00",$0.00,$0.00,$0.00,,64.0000
250006957,250007311,Wholesale,1115,"Mar 30, 2015 10:07:29 AM",$640.00,$640.00,$0.00,$0.00,$0.00,,32.0000
250006958,250007308,Wholesale,1115,"Mar 30, 2015 10:07:30 AM",$80.00,$80.00,$0.00,$0.00,$0.00,,4.0000
250006959,250007295,Wholesale,3994,"Mar 30, 2015 10:07:31 AM",$320.00,$320.00,$0.00,$0.00,$0.00,,16.0000
250006960,250007296,Wholesale,3994,"Mar 30, 2015 10:07:32 AM",$240.00,$240.00,$0.00,$0.00,$0.00,,12.0000
250006961,250007297,Wholesale,3994,"Mar 30, 2015 10:07:33 AM",$160.00,$160.00,$0.00,$0.00,$0.00,,8.0000
250006962,250007293,Wholesale,3994,"Mar 30, 2015 10:07:34 AM","$1,600.00","$1,600.00",$0.00,$0.00,$0.00,,80.0000
250006963,250007294,Wholesale,3994,"Mar 30, 2015 10:07:35 AM","$1,200.00","$1,200.00",$0.00,$0.00,$0.00,,60.0000
250006964,250007290,Wholesale,3994,"Mar 30, 2015 10:07:35 AM","$1,040.00","$1,040.00",$0.00,$0.00,$0.00,,52.0000
250006965,250007291,Wholesale,3994,"Mar 30, 2015 10:07:36 AM",$240.00,$240.00,$0.00,$0.00,$0.00,,12.0000
250006966,250007292,Wholesale,3994,"Mar 30, 2015 10:07:37 AM","$1,040.00","$1,040.00",$0.00,$0.00,$0.00,,52.0000
250006967,250007287,Wholesale,3994,"Mar 30, 2015 10:07:38 AM",$240.00,$240.00,$0.00,$0.00,$0.00,,12.0000
250006968,250007288,Wholesale,3994,"Mar 30, 2015 10:07:39 AM",$960.00,$960.00,$0.00,$0.00,$0.00,,48.0000
250006969,250007289,Wholesale,3994,"Mar 30, 2015 10:07:40 AM",$640.00,$640.00,$0.00,$0.00,$0.00,,32.0000
250006970,250007284,Wholesale,3994,"Mar 30, 2015 10:07:41 AM",$560.00,$560.00,$0.00,$0.00,$0.00,,28.0000
250006971,250007285,Wholesale,3994,"Mar 30, 2015 10:07:41 AM","$1,040.00","$1,040.00",$0.00,$0.00,$0.00,,52.0000
250006972,250007286,Wholesale,3994,"Mar 30, 2015 10:07:42 AM",$80.00,$80.00,$0.00,$0.00,$0.00,,4.0000
250006973,250007282,Wholesale,3994,"Mar 30, 2015 10:07:43 AM",$320.00,$320.00,$0.00,$0.00,$0.00,,16.0000
250006974,250007283,Wholesale,3994,"Mar 30, 2015 10:07:44 AM","$1,440.00","$1,440.00",$0.00,$0.00,$0.00,,72.0000
250006975,250007277,Wholesale,3994,"Mar 30, 2015 10:07:45 AM",$240.00,$240.00,$0.00,$0.00,$0.00,,12.0000
250006976,250007278,Wholesale,3994,"Mar 30, 2015 10:07:46 AM",$480.00,$480.00,$0.00,$0.00,$0.00,,24.0000
250006977,250007279,Wholesale,3994,"Mar 30, 2015 10:07:47 AM",$720.00,$720.00,$0.00,$0.00,$0.00,,36.0000
250006978,250007280,Wholesale,3994,"Mar 30, 2015 10:07:48 AM",$320.00,$320.00,$0.00,$0.00,$0.00,,16.0000
250006979,250007281,Wholesale,3994,"Mar 30, 2015 10:07:49 AM","$2,480.00","$2,480.00",$0.00,$0.00,$0.00,,124.0000
250006980,250007274,Wholesale,3994,"Mar 30, 2015 10:07:49 AM",$480.00,$480.00,$0.00,$0.00,$0.00,,24.0000
250006981,250007275,Wholesale,3994,"Mar 30, 2015 10:07:50 AM",$640.00,$640.00,$0.00,$0.00,$0.00,,32.0000
250006982,250007276,Wholesale,3994,"Mar 30, 2015 10:07:51 AM",$560.00,$560.00,$0.00,$0.00,$0.00,,28.0000
250006983,250007272,Wholesale,3994,"Mar 30, 2015 10:07:52 AM",$240.00,$240.00,$0.00,$0.00,$0.00,,12.0000
250006984,250007273,Wholesale,3994,"Mar 30, 2015 10:07:53 AM","$1,040.00","$1,040.00",$0.00,$0.00,$0.00,,52.0000
250006985,250007151,Wholesale,850,"Mar 30, 2015 10:07:53 AM","$5,760.00","$5,760.00",$0.00,$0.00,$0.00,,288.0000
200031407,200033975,Retail,,"Mar 30, 2015 11:44:04 AM",$39.99,$39.99,$0.00,$0.00,$0.00,85S72593S56131103,2.0000
200031408,200033976,Retail,,"Mar 30, 2015 12:22:32 PM",$39.99,$39.99,$0.00,$0.00,$0.00,1SB05549A7285704N,2.0000
200031409,200033977,Retail,,"Mar 30, 2015 12:53:54 PM",$59.99,$59.99,$0.00,$0.00,$0.00,1E506654XT793112V,5.0000
200031410,200033978,Retail,4948,"Mar 30, 2015 2:12:17 PM",$0.00,$39.99,$0.00,$0.00,$39.99,,1.0000
200031411,200033979,Retail,,"Mar 30, 2015 2:39:34 PM",$43.19,$39.99,$0.00,$3.20,$0.00,5VM19089YP407843X,2.0000
200031412,200033980,Retail,749,"Mar 30, 2015 2:42:07 PM","$1,219.50","$1,219.50",$0.00,$0.00,$0.00,,142.0000
200031413,200033981,Retail,,"Mar 30, 2015 2:45:47 PM",$39.99,$39.99,$0.00,$0.00,$0.00,3N7951957H024625G,2.0000
200031414,200033982,Retail,4949,"Mar 30, 2015 6:03:08 PM",$59.99,$59.99,$0.00,$0.00,$0.00,51W21552CP947632X,5.0000
200031415,200033983,Retail,,"Mar 30, 2015 6:08:36 PM",$39.99,$39.99,$0.00,$0.00,$0.00,04J603913K542443D,2.0000
200031416,200033984,Retail,4950,"Mar 30, 2015 6:16:17 PM",$48.99,$39.99,$9.00,$0.00,$0.00,73E489227L085193E,3.0000
200031417,200033985,Retail,,"Mar 30, 2015 6:34:48 PM",$39.99,$39.99,$0.00,$0.00,$0.00,1U889824V60497254,3.0000
200031418,200033986,Retail,4951,"Mar 30, 2015 6:54:47 PM",$99.99,$59.99,$40.00,$0.00,$0.00,0VX09313PG631400X,5.0000
200031419,200033987,Retail,,"Mar 30, 2015 7:53:38 PM",$39.99,$39.99,$0.00,$0.00,$0.00,0DH83230VF916930R,2.0000
200031420,200033988,Retail,,"Mar 30, 2015 8:24:07 PM",$35.99,$39.99,$0.00,$0.00,$4.00,63S42068UF516164J,2.0000
200031421,200033989,Retail,4952,"Mar 30, 2015 9:34:58 PM",$38.87,$39.99,$0.00,$2.88,$4.00,48925163RM3614844,1.0000
200031422,200033990,Retail,,"Mar 31, 2015 5:08:49 AM",$39.99,$39.99,$0.00,$0.00,$0.00,4C232207S6737300M,2.0000
200031423,200033991,Retail,,"Mar 31, 2015 6:25:06 AM",$39.99,$39.99,$0.00,$0.00,$0.00,4CP06920024434143,3.0000
200031424,200033992,Retail,,"Mar 31, 2015 6:48:31 AM",$39.99,$39.99,$0.00,$0.00,$0.00,9HD173351W3431159,3.0000
200031425,200033993,Retail,,"Mar 31, 2015 7:36:48 AM",$39.99,$39.99,$0.00,$0.00,$0.00,60M030058R611145X,2.0000
200031426,200033994,Retail,,"Mar 31, 2015 7:59:16 AM",$35.99,$39.99,$0.00,$0.00,$4.00,1DH64197R06991421,2.0000
200031427,200033996,Retail,,"Mar 31, 2015 9:03:33 AM",$109.98,$79.98,$30.00,$0.00,$0.00,3E472982CB683082A,4.0000
200031428,200033997,Retail,,"Mar 31, 2015 10:28:07 AM",$77.74,$79.98,$0.00,$5.76,$8.00,77X27583EX9966346,5.0000
300000217,300000267,International,1288,"Mar 31, 2015 10:34:29 AM",$792.00,$432.00,$360.00,$0.00,$0.00,,30.0000
200031429,200033998,Retail,,"Mar 31, 2015 10:49:27 AM",$44.99,$39.99,$9.00,$0.00,$4.00,8B193423T17441626,2.0000
200031430,200033999,Retail,,"Mar 31, 2015 12:39:21 PM",$79.98,$79.98,$0.00,$0.00,$0.00,4GB31371HU0405318,4.0000
250006986,250007357,Wholesale,2771,"Mar 31, 2015 1:35:46 PM",$329.00,$308.00,$36.40,$0.00,$15.40,48F41312DN7951100,20.0000
200031431,200034000,Retail,4955,"Mar 31, 2015 2:26:19 PM",$0.00,$39.99,$0.00,$0.00,$39.99,,1.0000
200031432,200034001,Retail,,"Mar 31, 2015 3:34:16 PM",$57.99,$39.99,$18.00,$0.00,$0.00,3CG31749W1015430F,2.0000
200031433,200034004,Retail,1229,"Mar 31, 2015 4:34:51 PM",$0.00,$0.00,$0.00,$0.00,$0.00,,20.0000
200031434,200034003,Retail,,"Mar 31, 2015 4:37:21 PM",$39.99,$39.99,$0.00,$0.00,$0.00,8SY078324T732794X,2.0000
200031435,200034005,Retail,,"Mar 31, 2015 6:23:31 PM",$39.99,$39.99,$0.00,$0.00,$0.00,7WF97485YX563725S,2.0000
200031436,200034006,Retail,,"Mar 31, 2015 8:30:26 PM",$53.98,$49.98,$0.00,$4.00,$0.00,1FD44745M95069812,3.0000
200031437,200034007,Retail,,"Mar 31, 2015 9:58:49 PM",$39.99,$39.99,$0.00,$0.00,$0.00,4PF73901KB116681L,2.0000
